order_id,customer_id,product_id,order_date,quantity,unit_price,discount,revenue
1,283,87,2024-03-01,1,2175.83,0.15,1849.46
1,283,22,2024-03-01,1,7167.91,0.0,7167.91
2,87,19,2024-02-11,3,3171.34,0.0,9514.02
2,87,75,2024-02-11,2,44807.59,0.0,89615.18
3,33,87,2024-08-27,2,2175.83,0.05,4134.08
3,33,13,2024-08-27,2,9237.08,0.0,18474.16
4,277,12,2024-03-23,1,2459.4,0.05,2336.43
4,277,73,2024-03-23,2,18192.18,0.0,36384.36
5,45,38,2024-04-25,1,5067.49,0.15,4307.37
5,45,84,2024-04-25,2,4875.5,0.0,9751.0
6,305,74,2024-11-12,2,18924.35,0.0,37848.7
6,305,61,2024-11-12,1,205.61,0.0,205.61
7,163,81,2024-11-07,1,631.53,0.15,536.8
7,163,17,2024-11-07,1,6664.68,0.05,6331.45
8,322,16,2024-09-25,2,15771.29,0.15,26811.19
8,322,38,2024-09-25,1,5067.49,0.1,4560.74
9,83,17,2024-03-23,2,6664.68,0.0,13329.36
9,83,73,2024-03-23,2,18192.18,0.0,36384.36
10,242,48,2024-11-27,1,6527.42,0.0,6527.42
10,242,2,2024-11-27,2,826.86,0.1,1488.35
11,388,13,2025-09-12,2,9237.08,0.0,18474.16
11,388,7,2025-09-12,1,8976.08,0.0,8976.08
12,381,17,2024-09-08,1,6664.68,0.0,6664.68
12,381,82,2024-09-08,1,1221.96,0.0,1221.96
13,196,17,2025-01-08,2,6664.68,0.0,13329.36
13,196,12,2025-01-08,1,2459.4,0.1,2213.46
13,196,6,2025-01-08,1,9075.76,0.0,9075.76
14,143,36,2024-11-28,1,3009.89,0.1,2708.9
14,143,76,2024-11-28,2,7357.75,0.1,13243.95
15,32,77,2024-07-26,1,5779.62,0.0,5779.62
15,32,30,2024-07-26,2,2686.64,0.0,5373.28
16,65,25,2025-09-07,1,3640.01,0.05,3458.01
16,65,32,2025-09-07,2,632.49,0.0,1264.98
17,352,37,2024-01-18,2,4824.48,0.0,9648.96
17,352,75,2024-01-18,2,44807.59,0.0,89615.18
18,170,2,2025-07-30,2,826.86,0.0,1653.72
18,170,63,2025-07-30,1,955.49,0.15,812.17
19,282,74,2024-10-31,1,18924.35,0.05,17978.13
19,282,92,2024-10-31,1,2248.85,0.0,2248.85
20,320,75,2024-02-29,4,44807.59,0.0,179230.36
20,320,91,2024-02-29,1,11426.26,0.05,10854.95
21,38,19,2024-12-02,1,3171.34,0.0,3171.34
21,38,9,2024-12-02,1,24309.59,0.0,24309.59
22,80,94,2025-03-02,1,5672.67,0.05,5389.04
22,80,77,2025-03-02,1,5779.62,0.1,5201.66
23,105,13,2025-10-31,1,9237.08,0.05,8775.23
23,105,74,2025-10-31,1,18924.35,0.0,18924.35
24,278,68,2025-11-29,1,5460.65,0.0,5460.65
24,278,21,2025-11-29,2,4472.7,0.1,8050.86
25,320,85,2024-09-04,1,460.42,0.15,391.36
25,320,80,2024-09-04,3,298.04,0.0,894.12
26,100,71,2025-05-11,1,7406.14,0.0,7406.14
26,100,20,2025-05-11,1,39805.25,0.15,33834.46
27,71,89,2024-01-28,4,3390.34,0.0,13561.36
27,71,16,2024-01-28,1,15771.29,0.05,14982.73
28,219,9,2024-07-30,1,24309.59,0.05,23094.11
28,219,40,2024-07-30,2,2396.49,0.0,4792.98
29,140,41,2024-12-19,1,4280.17,0.0,4280.17
29,140,53,2024-12-19,4,651.44,0.0,2605.76
30,218,45,2024-04-12,1,6157.34,0.1,5541.61
30,218,74,2024-04-12,1,18924.35,0.0,18924.35
31,178,19,2025-07-01,1,3171.34,0.1,2854.21
31,178,1,2025-07-01,2,57994.93,0.05,110190.37
32,358,70,2025-10-30,2,7231.23,0.1,13016.21
32,358,1,2025-10-30,1,57994.93,0.1,52195.44
33,65,92,2025-12-29,2,2248.85,0.0,4497.7
33,65,17,2025-12-29,1,6664.68,0.1,5998.21
34,151,53,2024-02-04,1,651.44,0.0,651.44
34,151,15,2024-02-04,2,3589.44,0.15,6102.05
35,269,60,2025-04-30,2,381.06,0.0,762.12
35,269,91,2025-04-30,1,11426.26,0.0,11426.26
36,74,45,2024-02-25,3,6157.34,0.05,17548.42
36,74,73,2024-02-25,1,18192.18,0.05,17282.57
37,361,29,2025-12-22,1,1442.48,0.0,1442.48
37,361,48,2025-12-22,1,6527.42,0.0,6527.42
38,277,51,2024-12-09,1,5418.07,0.0,5418.07
38,277,38,2024-12-09,1,5067.49,0.05,4814.12
39,3,80,2025-08-28,1,298.04,0.0,298.04
39,3,5,2025-08-28,3,60993.48,0.05,173831.42
40,292,69,2025-10-16,1,9360.74,0.05,8892.7
40,292,10,2025-10-16,3,5376.54,0.05,15323.14
41,232,70,2025-12-06,2,7231.23,0.0,14462.46
41,232,76,2025-12-06,2,7357.75,0.0,14715.5
42,190,38,2024-08-13,3,5067.49,0.0,15202.47
42,190,19,2024-08-13,3,3171.34,0.0,9514.02
43,308,78,2025-06-23,4,1010.49,0.0,4041.96
43,308,89,2025-06-23,2,3390.34,0.05,6441.65
44,330,73,2024-07-13,2,18192.18,0.05,34565.14
44,330,69,2024-07-13,2,9360.74,0.0,18721.48
44,330,77,2024-07-13,2,5779.62,0.1,10403.32
45,150,99,2025-12-09,1,920.31,0.05,874.29
45,150,71,2025-12-09,1,7406.14,0.0,7406.14
46,220,20,2025-11-14,1,39805.25,0.0,39805.25
46,220,40,2025-11-14,1,2396.49,0.0,2396.49
47,117,92,2024-03-07,1,2248.85,0.0,2248.85
47,117,2,2024-03-07,1,826.86,0.05,785.52
48,310,47,2024-12-02,1,3130.36,0.05,2973.84
48,310,70,2024-12-02,1,7231.23,0.1,6508.11
49,8,73,2025-07-29,1,18192.18,0.0,18192.18
49,8,66,2025-07-29,3,61292.01,0.05,174682.23
50,22,44,2025-03-26,1,1116.5,0.05,1060.67
50,22,28,2025-03-26,1,3566.76,0.0,3566.76
51,203,99,2025-05-28,2,920.31,0.0,1840.62
51,203,53,2025-05-28,2,651.44,0.0,1302.88
52,374,55,2025-02-07,3,2939.43,0.0,8818.29
52,374,24,2025-02-07,1,17126.14,0.1,15413.53
53,206,28,2024-10-19,1,3566.76,0.1,3210.08
53,206,25,2024-10-19,2,3640.01,0.0,7280.02
54,295,76,2025-08-12,1,7357.75,0.0,7357.75
54,295,1,2025-08-12,3,57994.93,0.15,147887.07
55,186,91,2025-01-18,2,11426.26,0.0,22852.52
55,186,75,2025-01-18,1,44807.59,0.0,44807.59
56,355,76,2024-11-19,3,7357.75,0.05,20969.59
56,355,76,2024-11-19,3,7357.75,0.0,22073.25
57,395,94,2024-04-08,1,5672.67,0.0,5672.67
57,395,75,2024-04-08,1,44807.59,0.05,42567.21
58,361,21,2024-02-27,1,4472.7,0.0,4472.7
58,361,20,2024-02-27,1,39805.25,0.0,39805.25
59,66,67,2024-01-14,3,5275.46,0.1,14243.74
59,66,79,2024-01-14,1,2782.17,0.1,2503.95
60,115,1,2025-12-23,1,57994.93,0.05,55095.18
60,115,34,2025-12-23,1,350.18,0.1,315.16
61,147,68,2025-03-02,2,5460.65,0.1,9829.17
61,147,59,2025-03-02,4,405.25,0.0,1621.0
62,137,39,2024-08-01,1,6013.69,0.1,5412.32
62,137,88,2024-08-01,1,3075.5,0.0,3075.5
63,81,82,2024-08-26,1,1221.96,0.05,1160.86
63,81,89,2024-08-26,1,3390.34,0.0,3390.34
64,86,1,2024-09-27,1,57994.93,0.15,49295.69
64,86,45,2024-09-27,1,6157.34,0.05,5849.47
65,98,37,2024-04-22,1,4824.48,0.0,4824.48
65,98,4,2024-04-22,1,6232.39,0.05,5920.77
66,207,13,2024-11-12,1,9237.08,0.0,9237.08
66,207,21,2024-11-12,1,4472.7,0.05,4249.06
67,126,58,2024-04-08,1,390.71,0.0,390.71
67,126,22,2024-04-08,1,7167.91,0.05,6809.51
68,260,92,2025-07-03,1,2248.85,0.1,2023.96
68,260,89,2025-07-03,1,3390.34,0.0,3390.34
69,397,17,2025-10-09,4,6664.68,0.05,25325.78
69,397,5,2025-10-09,1,60993.48,0.0,60993.48
69,397,4,2025-10-09,1,6232.39,0.05,5920.77
70,18,89,2025-10-31,4,3390.34,0.1,12205.22
70,18,67,2025-10-31,2,5275.46,0.0,10550.92
71,146,22,2024-05-28,4,7167.91,0.0,28671.64
71,146,4,2024-05-28,2,6232.39,0.1,11218.3
72,122,12,2024-09-28,1,2459.4,0.0,2459.4
72,122,81,2024-09-28,1,631.53,0.1,568.38
73,165,16,2024-09-13,1,15771.29,0.0,15771.29
73,165,17,2024-09-13,2,6664.68,0.15,11329.96
74,396,25,2025-04-24,2,3640.01,0.1,6552.02
74,396,65,2025-04-24,1,323.99,0.05,307.79
75,91,75,2024-07-30,1,44807.59,0.05,42567.21
75,91,14,2024-07-30,1,6842.78,0.0,6842.78
76,318,12,2024-07-27,1,2459.4,0.0,2459.4
76,318,76,2024-07-27,1,7357.75,0.0,7357.75
77,341,42,2025-09-11,1,3526.42,0.05,3350.1
77,341,87,2025-09-11,2,2175.83,0.1,3916.49
78,393,83,2024-11-04,1,4742.53,0.15,4031.15
78,393,27,2024-11-04,2,1635.87,0.0,3271.74
79,288,55,2025-02-28,1,2939.43,0.0,2939.43
79,288,21,2025-02-28,2,4472.7,0.1,8050.86
80,230,67,2025-01-10,2,5275.46,0.1,9495.83
80,230,51,2025-01-10,2,5418.07,0.0,10836.14
81,226,46,2025-10-06,3,6217.3,0.0,18651.9
81,226,82,2025-10-06,1,1221.96,0.0,1221.96
82,327,16,2024-06-10,1,15771.29,0.05,14982.73
82,327,21,2024-06-10,2,4472.7,0.0,8945.4
83,395,74,2025-06-09,1,18924.35,0.0,18924.35
83,395,83,2025-06-09,2,4742.53,0.0,9485.06
83,395,85,2025-06-09,3,460.42,0.0,1381.26
84,125,45,2025-01-22,2,6157.34,0.0,12314.68
84,125,20,2025-01-22,1,39805.25,0.1,35824.72
85,55,38,2025-02-04,3,5067.49,0.0,15202.47
85,55,75,2025-02-04,3,44807.59,0.0,134422.77
86,89,8,2024-01-17,1,19432.89,0.0,19432.89
86,89,20,2024-01-17,2,39805.25,0.0,79610.5
87,284,75,2024-09-29,2,44807.59,0.0,89615.18
87,284,74,2024-09-29,3,18924.35,0.0,56773.05
88,341,95,2024-05-09,1,180.47,0.1,162.42
88,341,86,2024-05-09,1,4437.73,0.0,4437.73
89,361,22,2025-03-09,2,7167.91,0.1,12902.24
89,361,11,2025-03-09,1,3802.29,0.0,3802.29
90,257,8,2024-07-23,1,19432.89,0.05,18461.25
90,257,73,2024-07-23,2,18192.18,0.05,34565.14
91,335,22,2025-06-16,1,7167.91,0.05,6809.51
91,335,30,2025-06-16,1,2686.64,0.1,2417.98
92,103,22,2024-02-05,1,7167.91,0.0,7167.91
92,103,16,2024-02-05,1,15771.29,0.0,15771.29
93,160,67,2024-06-16,1,5275.46,0.05,5011.69
93,160,96,2024-06-16,2,463.77,0.0,927.54
94,38,11,2024-12-12,1,3802.29,0.0,3802.29
94,38,41,2024-12-12,3,4280.17,0.0,12840.51
95,209,77,2024-04-21,1,5779.62,0.0,5779.62
95,209,66,2024-04-21,1,61292.01,0.0,61292.01
96,71,86,2025-10-30,1,4437.73,0.0,4437.73
96,71,29,2025-10-30,1,1442.48,0.0,1442.48
97,334,11,2024-05-06,2,3802.29,0.1,6844.12
97,334,68,2024-05-06,1,5460.65,0.15,4641.55
98,120,39,2025-02-10,2,6013.69,0.0,12027.38
98,120,59,2025-02-10,2,405.25,0.05,769.97
99,80,17,2025-06-01,2,6664.68,0.1,11996.42
99,80,31,2025-06-01,1,1205.75,0.0,1205.75
100,137,38,2024-03-19,1,5067.49,0.0,5067.49
100,137,76,2024-03-19,1,7357.75,0.05,6989.86
101,264,73,2025-04-25,1,18192.18,0.0,18192.18
101,264,73,2025-04-25,1,18192.18,0.0,18192.18
102,108,67,2024-06-23,2,5275.46,0.0,10550.92
102,108,1,2024-06-23,1,57994.93,0.05,55095.18
103,306,55,2025-09-29,1,2939.43,0.0,2939.43
103,306,21,2025-09-29,1,4472.7,0.0,4472.7
104,39,22,2024-08-13,2,7167.91,0.0,14335.82
104,39,21,2024-08-13,2,4472.7,0.15,7603.59
105,394,29,2024-09-23,1,1442.48,0.05,1370.36
105,394,12,2024-09-23,1,2459.4,0.0,2459.4
106,181,19,2025-02-27,1,3171.34,0.1,2854.21
106,181,40,2025-02-27,1,2396.49,0.05,2276.67
107,226,16,2024-06-08,2,15771.29,0.0,31542.58
107,226,76,2024-06-08,2,7357.75,0.05,13979.72
108,12,21,2025-10-09,1,4472.7,0.0,4472.7
108,12,60,2025-10-09,1,381.06,0.0,381.06
109,381,69,2024-06-27,1,9360.74,0.15,7956.63
109,381,9,2024-06-27,2,24309.59,0.0,48619.18
110,77,25,2024-03-15,1,3640.01,0.0,3640.01
110,77,22,2024-03-15,1,7167.91,0.1,6451.12
111,284,48,2025-04-24,1,6527.42,0.0,6527.42
111,284,77,2025-04-24,1,5779.62,0.05,5490.64
112,90,28,2024-10-27,2,3566.76,0.0,7133.52
112,90,1,2024-10-27,2,57994.93,0.05,110190.37
113,162,85,2025-10-13,2,460.42,0.0,920.84
113,162,100,2025-10-13,1,900.0,0.0,900.0
113,162,13,2025-10-13,2,9237.08,0.0,18474.16
114,396,84,2024-01-27,2,4875.5,0.05,9263.45
114,396,92,2024-01-27,1,2248.85,0.15,1911.52
115,26,23,2025-05-05,1,18396.69,0.05,17476.86
115,26,77,2025-05-05,4,5779.62,0.1,20806.63
116,303,80,2024-10-31,3,298.04,0.0,894.12
116,303,3,2024-10-31,1,2625.01,0.0,2625.01
117,156,91,2024-08-21,1,11426.26,0.0,11426.26
117,156,9,2024-08-21,1,24309.59,0.05,23094.11
118,200,1,2024-10-27,1,57994.93,0.05,55095.18
118,200,74,2024-10-27,2,18924.35,0.1,34063.83
119,60,10,2025-12-10,3,5376.54,0.0,16129.62
119,60,95,2025-12-10,3,180.47,0.05,514.34
120,238,19,2024-04-29,2,3171.34,0.0,6342.68
120,238,83,2024-04-29,2,4742.53,0.0,9485.06
121,45,47,2024-03-23,3,3130.36,0.0,9391.08
121,45,21,2024-03-23,2,4472.7,0.0,8945.4
122,132,75,2024-02-15,1,44807.59,0.0,44807.59
122,132,32,2024-02-15,1,632.49,0.0,632.49
123,250,11,2025-06-17,1,3802.29,0.0,3802.29
123,250,28,2025-06-17,1,3566.76,0.0,3566.76
124,121,11,2024-08-15,3,3802.29,0.05,10836.53
124,121,75,2024-08-15,1,44807.59,0.0,44807.59
125,78,76,2024-07-30,1,7357.75,0.0,7357.75
125,78,85,2024-07-30,1,460.42,0.05,437.4
126,237,15,2024-01-13,1,3589.44,0.0,3589.44
126,237,32,2024-01-13,1,632.49,0.0,632.49
127,357,96,2025-09-23,1,463.77,0.1,417.39
127,357,24,2025-09-23,2,17126.14,0.0,34252.28
128,242,88,2024-10-16,2,3075.5,0.05,5843.45
128,242,5,2024-10-16,2,60993.48,0.0,121986.96
129,181,4,2024-05-08,1,6232.39,0.0,6232.39
129,181,77,2024-05-08,2,5779.62,0.1,10403.32
129,181,31,2024-05-08,1,1205.75,0.0,1205.75
130,210,74,2025-12-01,2,18924.35,0.0,37848.7
130,210,75,2025-12-01,4,44807.59,0.15,152345.81
131,313,36,2024-08-03,2,3009.89,0.1,5417.8
131,313,8,2024-08-03,1,19432.89,0.05,18461.25
132,333,19,2024-03-02,1,3171.34,0.0,3171.34
132,333,22,2024-03-02,2,7167.91,0.05,13619.03
133,20,71,2025-06-16,2,7406.14,0.0,14812.28
133,20,24,2025-06-16,1,17126.14,0.0,17126.14
134,234,52,2024-06-29,1,2782.22,0.15,2364.89
134,234,74,2024-06-29,2,18924.35,0.05,35956.26
135,138,20,2024-04-04,1,39805.25,0.05,37814.99
135,138,68,2024-04-04,1,5460.65,0.0,5460.65
136,126,71,2024-09-20,1,7406.14,0.0,7406.14
136,126,66,2024-09-20,1,61292.01,0.0,61292.01
137,146,85,2024-10-04,3,460.42,0.0,1381.26
137,146,49,2024-10-04,3,2551.99,0.1,6890.37
138,131,13,2024-12-15,3,9237.08,0.0,27711.24
138,131,55,2024-12-15,2,2939.43,0.1,5290.97
139,343,5,2025-12-06,2,60993.48,0.0,121986.96
139,343,87,2025-12-06,3,2175.83,0.15,5548.37
140,342,83,2024-05-04,2,4742.53,0.0,9485.06
140,342,17,2024-05-04,1,6664.68,0.0,6664.68
141,348,40,2025-11-02,2,2396.49,0.0,4792.98
141,348,44,2025-11-02,2,1116.5,0.0,2233.0
141,348,24,2025-11-02,3,17126.14,0.0,51378.42
142,168,90,2025-08-27,1,16104.16,0.0,16104.16
142,168,69,2025-08-27,1,9360.74,0.0,9360.74
143,218,13,2025-07-23,1,9237.08,0.05,8775.23
143,218,1,2025-07-23,4,57994.93,0.1,208781.75
144,138,10,2025-11-06,1,5376.54,0.1,4838.89
144,138,77,2025-11-06,2,5779.62,0.0,11559.24
145,298,16,2024-04-01,2,15771.29,0.0,31542.58
145,298,8,2024-04-01,1,19432.89,0.0,19432.89
146,110,72,2025-03-03,1,953.28,0.05,905.62
146,110,32,2025-03-03,1,632.49,0.1,569.24
147,15,35,2024-04-30,1,1209.61,0.15,1028.17
147,15,89,2024-04-30,1,3390.34,0.0,3390.34
148,140,6,2024-09-07,2,9075.76,0.1,16336.37
148,140,19,2024-09-07,1,3171.34,0.0,3171.34
149,305,75,2024-01-14,1,44807.59,0.0,44807.59
149,305,68,2024-01-14,1,5460.65,0.0,5460.65
150,12,34,2025-05-16,1,350.18,0.1,315.16
150,12,8,2025-05-16,4,19432.89,0.1,69958.4
151,4,54,2024-10-15,1,2049.82,0.05,1947.33
151,4,62,2024-10-15,2,1567.17,0.05,2977.62
152,206,14,2025-11-18,2,6842.78,0.0,13685.56
152,206,36,2025-11-18,2,3009.89,0.0,6019.78
153,222,90,2025-01-23,2,16104.16,0.05,30597.9
153,222,21,2025-01-23,1,4472.7,0.0,4472.7
154,300,77,2025-04-13,3,5779.62,0.0,17338.86
154,300,96,2025-04-13,2,463.77,0.1,834.79
155,118,11,2024-11-24,1,3802.29,0.05,3612.18
155,118,12,2024-11-24,1,2459.4,0.1,2213.46
156,121,72,2024-09-25,3,953.28,0.0,2859.84
156,121,42,2024-09-25,1,3526.42,0.1,3173.78
157,272,20,2024-11-17,1,39805.25,0.0,39805.25
157,272,53,2024-11-17,2,651.44,0.1,1172.59
158,233,91,2024-07-12,2,11426.26,0.0,22852.52
158,233,17,2024-07-12,1,6664.68,0.0,6664.68
159,330,73,2025-09-11,1,18192.18,0.0,18192.18
159,330,59,2025-09-11,1,405.25,0.1,364.73
160,47,74,2024-07-04,4,18924.35,0.0,75697.4
160,47,25,2024-07-04,2,3640.01,0.05,6916.02
161,39,77,2024-01-26,1,5779.62,0.0,5779.62
161,39,25,2024-01-26,3,3640.01,0.0,10920.03
162,72,30,2025-06-18,1,2686.64,0.0,2686.64
162,72,78,2025-06-18,3,1010.49,0.0,3031.47
163,298,79,2025-03-28,1,2782.17,0.05,2643.06
163,298,38,2025-03-28,1,5067.49,0.0,5067.49
164,261,55,2025-03-13,2,2939.43,0.1,5290.97
164,261,44,2025-03-13,3,1116.5,0.05,3182.02
165,355,24,2025-11-25,1,17126.14,0.0,17126.14
165,355,8,2025-11-25,3,19432.89,0.1,52468.8
166,97,6,2024-08-22,1,9075.76,0.05,8621.97
166,97,23,2024-08-22,2,18396.69,0.0,36793.38
167,283,11,2024-08-07,1,3802.29,0.0,3802.29
167,283,77,2024-08-07,1,5779.62,0.0,5779.62
168,129,23,2024-01-26,1,18396.69,0.0,18396.69
168,129,31,2024-01-26,3,1205.75,0.0,3617.25
169,306,20,2025-10-19,1,39805.25,0.0,39805.25
169,306,66,2025-10-19,3,61292.01,0.1,165488.43
170,115,77,2025-11-13,2,5779.62,0.1,10403.32
170,115,24,2025-11-13,1,17126.14,0.05,16269.83
171,343,8,2024-05-09,2,19432.89,0.0,38865.78
171,343,32,2024-05-09,1,632.49,0.0,632.49
172,30,24,2025-03-31,1,17126.14,0.15,14557.22
172,30,27,2025-03-31,1,1635.87,0.0,1635.87
173,107,27,2024-11-07,1,1635.87,0.0,1635.87
173,107,32,2024-11-07,1,632.49,0.0,632.49
174,42,80,2024-11-09,1,298.04,0.15,253.33
174,42,37,2024-11-09,1,4824.48,0.0,4824.48
175,382,19,2024-12-14,2,3171.34,0.0,6342.68
175,382,27,2024-12-14,1,1635.87,0.0,1635.87
176,329,51,2024-11-08,1,5418.07,0.05,5147.17
176,329,68,2024-11-08,2,5460.65,0.1,9829.17
177,134,13,2025-12-01,2,9237.08,0.0,18474.16
177,134,38,2025-12-01,1,5067.49,0.0,5067.49
178,221,72,2025-01-19,1,953.28,0.0,953.28
178,221,63,2025-01-19,1,955.49,0.0,955.49
179,318,98,2025-12-14,1,4132.36,0.0,4132.36
179,318,86,2025-12-14,1,4437.73,0.0,4437.73
180,169,14,2024-01-08,1,6842.78,0.0,6842.78
180,169,20,2024-01-08,2,39805.25,0.0,79610.5
181,164,65,2025-01-28,1,323.99,0.0,323.99
181,164,21,2025-01-28,2,4472.7,0.0,8945.4
182,28,76,2024-08-31,3,7357.75,0.0,22073.25
182,28,47,2024-08-31,1,3130.36,0.0,3130.36
183,235,40,2024-12-21,4,2396.49,0.0,9585.96
183,235,5,2024-12-21,2,60993.48,0.0,121986.96
184,56,15,2024-12-19,4,3589.44,0.0,14357.76
184,56,46,2024-12-19,3,6217.3,0.0,18651.9
185,189,45,2025-08-28,3,6157.34,0.1,16624.82
185,189,42,2025-08-28,1,3526.42,0.05,3350.1
186,398,91,2024-09-29,3,11426.26,0.0,34278.78
186,398,14,2024-09-29,2,6842.78,0.0,13685.56
187,164,93,2025-11-03,1,649.37,0.15,551.96
187,164,77,2025-11-03,2,5779.62,0.0,11559.24
188,237,13,2024-11-26,2,9237.08,0.05,17550.45
188,237,70,2024-11-26,1,7231.23,0.0,7231.23
189,358,3,2025-10-02,1,2625.01,0.05,2493.76
189,358,18,2025-10-02,2,4738.87,0.1,8529.97
190,295,76,2025-01-13,1,7357.75,0.0,7357.75
190,295,81,2025-01-13,2,631.53,0.05,1199.91
191,85,76,2024-08-10,1,7357.75,0.05,6989.86
191,85,39,2024-08-10,3,6013.69,0.0,18041.07
191,85,7,2024-08-10,4,8976.08,0.1,32313.89
192,189,19,2024-09-20,1,3171.34,0.0,3171.34
192,189,32,2024-09-20,4,632.49,0.0,2529.96
193,384,22,2024-02-23,2,7167.91,0.0,14335.82
193,384,83,2024-02-23,1,4742.53,0.1,4268.28
194,137,39,2025-04-17,1,6013.69,0.05,5713.01
194,137,75,2025-04-17,3,44807.59,0.1,120980.49
194,137,4,2025-04-17,1,6232.39,0.1,5609.15
195,179,39,2024-04-20,1,6013.69,0.0,6013.69
195,179,30,2024-04-20,1,2686.64,0.0,2686.64
196,96,48,2024-07-14,3,6527.42,0.0,19582.26
196,96,24,2024-07-14,1,17126.14,0.0,17126.14
197,202,32,2025-07-08,2,632.49,0.0,1264.98
197,202,24,2025-07-08,1,17126.14,0.15,14557.22
198,58,100,2025-04-24,1,900.0,0.0,900.0
198,58,64,2025-04-24,2,243.95,0.0,487.9
199,248,88,2024-08-23,1,3075.5,0.0,3075.5
199,248,24,2024-08-23,1,17126.14,0.05,16269.83
200,313,29,2024-11-16,3,1442.48,0.1,3894.7
200,313,72,2024-11-16,2,953.28,0.0,1906.56
201,168,36,2025-10-18,3,3009.89,0.0,9029.67
201,168,20,2025-10-18,1,39805.25,0.0,39805.25
202,244,87,2025-11-01,1,2175.83,0.0,2175.83
202,244,76,2025-11-01,1,7357.75,0.0,7357.75
203,177,16,2024-04-23,1,15771.29,0.05,14982.73
203,177,12,2024-04-23,2,2459.4,0.0,4918.8
204,89,27,2025-04-23,1,1635.87,0.05,1554.08
204,89,43,2025-04-23,1,1821.71,0.1,1639.54
205,133,21,2024-06-28,2,4472.7,0.0,8945.4
205,133,66,2024-06-28,1,61292.01,0.0,61292.01
206,249,32,2025-09-12,1,632.49,0.1,569.24
206,249,39,2025-09-12,2,6013.69,0.0,12027.38
207,306,23,2025-11-02,3,18396.69,0.1,49671.06
207,306,50,2025-11-02,4,4015.8,0.05,15260.04
208,240,21,2024-04-29,1,4472.7,0.0,4472.7
208,240,67,2024-04-29,1,5275.46,0.1,4747.91
209,192,25,2024-09-29,1,3640.01,0.1,3276.01
209,192,16,2024-09-29,3,15771.29,0.1,42582.48
210,105,60,2025-12-14,1,381.06,0.05,362.01
210,105,18,2025-12-14,4,4738.87,0.15,16112.16
211,351,13,2025-12-20,2,9237.08,0.1,16626.74
211,351,14,2025-12-20,2,6842.78,0.0,13685.56
212,96,48,2025-08-13,1,6527.42,0.05,6201.05
212,96,39,2025-08-13,3,6013.69,0.1,16236.96
213,172,10,2025-08-06,3,5376.54,0.0,16129.62
213,172,75,2025-08-06,1,44807.59,0.0,44807.59
214,138,61,2024-09-27,1,205.61,0.0,205.61
214,138,24,2024-09-27,1,17126.14,0.0,17126.14
215,333,79,2025-06-29,1,2782.17,0.1,2503.95
215,333,76,2025-06-29,2,7357.75,0.1,13243.95
216,124,56,2024-12-17,1,388.93,0.0,388.93
216,124,76,2024-12-17,1,7357.75,0.0,7357.75
217,61,46,2024-04-06,1,6217.3,0.0,6217.3
217,61,27,2024-04-06,2,1635.87,0.1,2944.57
218,13,2,2025-09-10,1,826.86,0.0,826.86
218,13,61,2025-09-10,2,205.61,0.05,390.66
219,372,41,2025-11-01,1,4280.17,0.1,3852.15
219,372,22,2025-11-01,1,7167.91,0.05,6809.51
220,187,75,2025-08-03,2,44807.59,0.0,89615.18
220,187,46,2025-08-03,2,6217.3,0.0,12434.6
221,232,41,2024-03-08,3,4280.17,0.0,12840.51
221,232,15,2024-03-08,2,3589.44,0.0,7178.88
222,73,20,2024-04-29,1,39805.25,0.0,39805.25
222,73,6,2024-04-29,1,9075.76,0.05,8621.97
223,378,40,2025-12-08,1,2396.49,0.1,2156.84
223,378,35,2025-12-08,2,1209.61,0.1,2177.3
224,353,69,2025-04-26,3,9360.74,0.1,25274.0
224,353,39,2025-04-26,1,6013.69,0.05,5713.01
225,218,4,2025-09-12,4,6232.39,0.15,21190.13
225,218,7,2025-09-12,1,8976.08,0.1,8078.47
226,294,76,2024-01-12,3,7357.75,0.0,22073.25
226,294,95,2024-01-12,1,180.47,0.0,180.47
227,150,18,2025-11-13,1,4738.87,0.15,4028.04
227,150,45,2025-11-13,2,6157.34,0.05,11698.95
228,283,54,2024-12-30,1,2049.82,0.0,2049.82
228,283,66,2024-12-30,4,61292.01,0.0,245168.04
229,69,72,2025-06-13,3,953.28,0.05,2716.85
229,69,53,2025-06-13,4,651.44,0.05,2475.47
230,190,25,2025-10-27,1,3640.01,0.0,3640.01
230,190,24,2025-10-27,1,17126.14,0.0,17126.14
231,53,84,2025-12-16,1,4875.5,0.05,4631.72
231,53,2,2025-12-16,3,826.86,0.0,2480.58
232,332,7,2025-04-12,1,8976.08,0.0,8976.08
232,332,66,2025-04-12,3,61292.01,0.1,165488.43
233,158,73,2025-03-16,1,18192.18,0.05,17282.57
233,158,9,2025-03-16,1,24309.59,0.0,24309.59
234,330,42,2025-05-06,3,3526.42,0.15,8992.37
234,330,38,2025-05-06,2,5067.49,0.1,9121.48
235,180,38,2024-10-12,1,5067.49,0.05,4814.12
235,180,81,2024-10-12,1,631.53,0.05,599.95
236,194,74,2025-04-17,4,18924.35,0.05,71912.53
236,194,38,2025-04-17,3,5067.49,0.0,15202.47
237,391,75,2024-04-07,2,44807.59,0.0,89615.18
237,391,18,2024-04-07,1,4738.87,0.0,4738.87
238,254,2,2024-07-28,1,826.86,0.0,826.86
238,254,73,2024-07-28,2,18192.18,0.1,32745.92
239,124,74,2025-12-05,3,18924.35,0.0,56773.05
239,124,77,2025-12-05,1,5779.62,0.15,4912.68
240,291,58,2024-06-21,1,390.71,0.0,390.71
240,291,17,2024-06-21,2,6664.68,0.0,13329.36
241,181,20,2025-02-08,1,39805.25,0.0,39805.25
241,181,83,2025-02-08,1,4742.53,0.05,4505.4
242,95,91,2024-07-01,1,11426.26,0.0,11426.26
242,95,95,2024-07-01,1,180.47,0.05,171.45
243,259,5,2025-05-22,2,60993.48,0.0,121986.96
243,259,18,2025-05-22,1,4738.87,0.1,4264.98
244,96,75,2024-01-20,2,44807.59,0.1,80653.66
244,96,27,2024-01-20,3,1635.87,0.0,4907.61
245,182,37,2024-08-17,1,4824.48,0.0,4824.48
245,182,87,2024-08-17,1,2175.83,0.0,2175.83
246,382,72,2024-07-15,1,953.28,0.1,857.95
246,382,36,2024-07-15,2,3009.89,0.0,6019.78
247,140,31,2025-06-26,1,1205.75,0.1,1085.17
247,140,76,2025-06-26,1,7357.75,0.1,6621.98
248,109,82,2025-11-22,1,1221.96,0.05,1160.86
248,109,20,2025-11-22,1,39805.25,0.1,35824.72
249,265,24,2025-10-11,3,17126.14,0.0,51378.42
249,265,68,2025-10-11,1,5460.65,0.1,4914.59
250,345,9,2024-03-24,1,24309.59,0.1,21878.63
250,345,21,2024-03-24,1,4472.7,0.1,4025.43
251,223,21,2025-08-08,2,4472.7,0.0,8945.4
251,223,17,2025-08-08,1,6664.68,0.0,6664.68
252,125,79,2024-03-08,3,2782.17,0.1,7511.86
252,125,39,2024-03-08,1,6013.69,0.05,5713.01
253,11,19,2025-03-20,1,3171.34,0.0,3171.34
253,11,9,2025-03-20,2,24309.59,0.05,46188.22
254,25,56,2025-11-13,1,388.93,0.0,388.93
254,25,22,2025-11-13,2,7167.91,0.05,13619.03
255,244,74,2025-01-30,1,18924.35,0.05,17978.13
255,244,6,2025-01-30,1,9075.76,0.05,8621.97
256,302,3,2024-10-04,2,2625.01,0.1,4725.02
256,302,78,2024-10-04,1,1010.49,0.05,959.97
257,386,39,2025-10-09,1,6013.69,0.1,5412.32
257,386,67,2025-10-09,3,5275.46,0.0,15826.38
258,226,20,2024-11-21,1,39805.25,0.0,39805.25
258,226,20,2024-11-21,1,39805.25,0.05,37814.99
259,192,63,2025-12-10,1,955.49,0.0,955.49
259,192,23,2025-12-10,1,18396.69,0.1,16557.02
260,22,53,2024-08-05,2,651.44,0.0,1302.88
260,22,67,2024-08-05,2,5275.46,0.0,10550.92
261,26,21,2024-04-24,1,4472.7,0.1,4025.43
261,26,25,2024-04-24,1,3640.01,0.1,3276.01
262,314,45,2025-04-08,4,6157.34,0.0,24629.36
262,314,6,2025-04-08,1,9075.76,0.15,7714.4
263,388,20,2024-02-14,1,39805.25,0.0,39805.25
263,388,11,2024-02-14,1,3802.29,0.05,3612.18
264,83,81,2025-11-08,1,631.53,0.05,599.95
264,83,87,2025-11-08,2,2175.83,0.0,4351.66
265,221,32,2024-01-05,1,632.49,0.0,632.49
265,221,76,2024-01-05,1,7357.75,0.0,7357.75
266,186,27,2024-11-10,1,1635.87,0.0,1635.87
266,186,97,2024-11-10,1,170.13,0.0,170.13
267,344,16,2025-08-23,1,15771.29,0.0,15771.29
267,344,2,2025-08-23,1,826.86,0.05,785.52
268,254,70,2024-10-29,2,7231.23,0.05,13739.34
268,254,43,2024-10-29,4,1821.71,0.05,6922.5
269,277,25,2025-12-21,1,3640.01,0.0,3640.01
269,277,75,2025-12-21,2,44807.59,0.05,85134.42
270,171,84,2024-08-25,3,4875.5,0.05,13895.17
270,171,32,2024-08-25,1,632.49,0.0,632.49
271,351,28,2025-01-27,2,3566.76,0.0,7133.52
271,351,71,2025-01-27,2,7406.14,0.05,14071.67
272,162,23,2025-12-12,1,18396.69,0.05,17476.86
272,162,66,2025-12-12,1,61292.01,0.0,61292.01
273,327,73,2025-08-02,3,18192.18,0.0,54576.54
273,327,71,2025-08-02,1,7406.14,0.0,7406.14
274,363,23,2024-04-12,1,18396.69,0.0,18396.69
274,363,34,2024-04-12,1,350.18,0.0,350.18
275,76,66,2025-09-08,1,61292.01,0.0,61292.01
275,76,94,2025-09-08,3,5672.67,0.0,17018.01
275,76,50,2025-09-08,1,4015.8,0.1,3614.22
276,266,74,2024-09-28,2,18924.35,0.0,37848.7
276,266,63,2024-09-28,2,955.49,0.0,1910.98
277,90,21,2024-12-05,1,4472.7,0.15,3801.79
277,90,76,2024-12-05,1,7357.75,0.0,7357.75
278,322,21,2024-02-28,1,4472.7,0.0,4472.7
278,322,77,2024-02-28,1,5779.62,0.0,5779.62
279,70,16,2025-03-25,2,15771.29,0.05,29965.45
279,70,16,2025-03-25,4,15771.29,0.0,63085.16
280,160,32,2025-06-26,3,632.49,0.1,1707.72
280,160,27,2025-06-26,2,1635.87,0.0,3271.74
281,47,30,2025-12-29,1,2686.64,0.05,2552.31
281,47,86,2025-12-29,3,4437.73,0.1,11981.87
282,264,13,2025-06-28,3,9237.08,0.0,27711.24
282,264,42,2025-06-28,2,3526.42,0.05,6700.2
283,74,21,2025-05-30,3,4472.7,0.0,13418.1
283,74,21,2025-05-30,2,4472.7,0.0,8945.4
284,294,40,2025-07-27,1,2396.49,0.1,2156.84
284,294,18,2025-07-27,1,4738.87,0.0,4738.87
285,276,8,2025-08-17,2,19432.89,0.1,34979.2
285,276,50,2025-08-17,3,4015.8,0.0,12047.4
286,87,34,2024-09-04,1,350.18,0.1,315.16
286,87,25,2024-09-04,2,3640.01,0.05,6916.02
287,384,28,2025-11-05,1,3566.76,0.05,3388.42
287,384,87,2025-11-05,1,2175.83,0.05,2067.04
288,132,98,2025-06-14,2,4132.36,0.0,8264.72
288,132,77,2025-06-14,1,5779.62,0.0,5779.62
288,132,77,2025-06-14,2,5779.62,0.1,10403.32
289,126,2,2025-01-21,1,826.86,0.0,826.86
289,126,68,2025-01-21,1,5460.65,0.0,5460.65
290,308,3,2024-02-23,1,2625.01,0.0,2625.01
290,308,22,2024-02-23,2,7167.91,0.1,12902.24
291,223,76,2024-04-28,2,7357.75,0.0,14715.5
291,223,49,2024-04-28,3,2551.99,0.0,7655.97
292,286,72,2024-10-11,1,953.28,0.05,905.62
292,286,66,2024-10-11,3,61292.01,0.05,174682.23
293,22,71,2024-12-20,1,7406.14,0.05,7035.83
293,22,9,2024-12-20,1,24309.59,0.1,21878.63
294,106,75,2024-11-30,1,44807.59,0.1,40326.83
294,106,16,2024-11-30,3,15771.29,0.0,47313.87
295,125,4,2025-02-03,1,6232.39,0.1,5609.15
295,125,9,2025-02-03,1,24309.59,0.15,20663.15
296,209,91,2024-11-11,1,11426.26,0.0,11426.26
296,209,76,2024-11-11,4,7357.75,0.05,27959.45
297,302,74,2024-03-27,1,18924.35,0.05,17978.13
297,302,16,2024-03-27,3,15771.29,0.0,47313.87
298,118,1,2024-07-20,1,57994.93,0.0,57994.93
298,118,23,2024-07-20,1,18396.69,0.0,18396.69
299,38,22,2024-05-08,2,7167.91,0.0,14335.82
299,38,25,2024-05-08,1,3640.01,0.15,3094.01
300,354,84,2024-10-24,1,4875.5,0.0,4875.5
300,354,88,2024-10-24,1,3075.5,0.0,3075.5
301,114,22,2024-10-16,1,7167.91,0.0,7167.91
301,114,24,2024-10-16,1,17126.14,0.15,14557.22
302,36,2,2024-08-25,2,826.86,0.0,1653.72
302,36,28,2024-08-25,2,3566.76,0.05,6776.84
303,324,54,2025-11-21,2,2049.82,0.0,4099.64
303,324,14,2025-11-21,2,6842.78,0.0,13685.56
304,268,47,2025-05-14,1,3130.36,0.0,3130.36
304,268,43,2025-05-14,4,1821.71,0.05,6922.5
305,181,22,2024-10-22,1,7167.91,0.0,7167.91
305,181,38,2024-10-22,2,5067.49,0.0,10134.98
306,182,4,2025-09-26,2,6232.39,0.1,11218.3
306,182,83,2025-09-26,1,4742.53,0.0,4742.53
307,236,4,2025-05-25,1,6232.39,0.0,6232.39
307,236,53,2025-05-25,1,651.44,0.05,618.87
308,351,75,2025-01-30,1,44807.59,0.0,44807.59
308,351,28,2025-01-30,1,3566.76,0.0,3566.76
309,202,80,2024-01-19,2,298.04,0.05,566.28
309,202,48,2024-01-19,1,6527.42,0.0,6527.42
310,22,13,2025-11-13,2,9237.08,0.0,18474.16
310,22,30,2025-11-13,1,2686.64,0.0,2686.64
311,4,3,2024-09-10,1,2625.01,0.1,2362.51
311,4,16,2024-09-10,4,15771.29,0.0,63085.16
312,122,6,2025-02-15,1,9075.76,0.0,9075.76
312,122,16,2025-02-15,2,15771.29,0.1,28388.32
313,157,67,2024-02-28,1,5275.46,0.05,5011.69
313,157,1,2024-02-28,1,57994.93,0.0,57994.93
314,187,42,2024-01-08,2,3526.42,0.0,7052.84
314,187,27,2024-01-08,1,1635.87,0.0,1635.87
315,56,74,2025-07-17,1,18924.35,0.0,18924.35
315,56,75,2025-07-17,1,44807.59,0.1,40326.83
316,400,86,2024-08-25,3,4437.73,0.05,12647.53
316,400,16,2024-08-25,1,15771.29,0.0,15771.29
317,203,22,2025-06-04,1,7167.91,0.0,7167.91
317,203,19,2025-06-04,2,3171.34,0.15,5391.28
318,366,26,2025-10-07,3,2072.72,0.0,6218.16
318,366,42,2025-10-07,3,3526.42,0.1,9521.33
319,135,74,2025-07-12,1,18924.35,0.0,18924.35
319,135,87,2025-07-12,1,2175.83,0.0,2175.83
320,396,11,2024-10-10,1,3802.29,0.1,3422.06
320,396,48,2024-10-10,2,6527.42,0.0,13054.84
321,187,45,2025-03-07,1,6157.34,0.0,6157.34
321,187,16,2025-03-07,1,15771.29,0.1,14194.16
322,33,27,2024-01-23,2,1635.87,0.05,3108.15
322,33,24,2024-01-23,2,17126.14,0.0,34252.28
323,193,20,2025-11-11,1,39805.25,0.0,39805.25
323,193,8,2025-11-11,1,19432.89,0.0,19432.89
324,64,86,2024-10-05,2,4437.73,0.0,8875.46
324,64,23,2024-10-05,1,18396.69,0.0,18396.69
325,140,76,2025-01-14,3,7357.75,0.0,22073.25
325,140,22,2025-01-14,1,7167.91,0.05,6809.51
326,268,4,2025-09-03,1,6232.39,0.05,5920.77
326,268,98,2025-09-03,2,4132.36,0.0,8264.72
327,382,56,2025-06-19,4,388.93,0.1,1400.15
327,382,23,2025-06-19,3,18396.69,0.1,49671.06
328,345,17,2025-06-18,1,6664.68,0.0,6664.68
328,345,78,2025-06-18,2,1010.49,0.1,1818.88
329,38,17,2025-12-27,3,6664.68,0.0,19994.04
329,38,100,2025-12-27,1,900.0,0.0,900.0
330,111,77,2025-07-04,3,5779.62,0.1,15604.97
330,111,15,2025-07-04,1,3589.44,0.1,3230.5
331,110,22,2025-10-22,3,7167.91,0.0,21503.73
331,110,22,2025-10-22,1,7167.91,0.0,7167.91
332,371,43,2025-07-24,1,1821.71,0.0,1821.71
332,371,22,2025-07-24,4,7167.91,0.15,24370.89
333,187,25,2024-11-12,1,3640.01,0.15,3094.01
333,187,8,2024-11-12,3,19432.89,0.0,58298.67
334,325,41,2024-06-19,1,4280.17,0.0,4280.17
334,325,100,2024-06-19,2,900.0,0.0,1800.0
335,277,77,2025-04-12,1,5779.62,0.15,4912.68
335,277,18,2025-04-12,1,4738.87,0.1,4264.98
336,59,40,2025-01-28,1,2396.49,0.05,2276.67
336,59,70,2025-01-28,3,7231.23,0.05,20609.01
337,80,22,2025-04-17,2,7167.91,0.0,14335.82
337,80,2,2025-04-17,1,826.86,0.0,826.86
338,160,30,2025-01-18,3,2686.64,0.1,7253.93
338,160,69,2025-01-18,1,9360.74,0.0,9360.74
339,353,70,2024-11-17,1,7231.23,0.05,6869.67
339,353,22,2024-11-17,1,7167.91,0.0,7167.91
340,33,9,2025-11-28,1,24309.59,0.0,24309.59
340,33,81,2025-11-28,2,631.53,0.1,1136.75
341,351,73,2025-10-08,1,18192.18,0.1,16372.96
341,351,12,2025-10-08,1,2459.4,0.05,2336.43
342,104,2,2025-08-31,1,826.86,0.0,826.86
342,104,66,2025-08-31,4,61292.01,0.0,245168.04
343,335,59,2025-11-26,3,405.25,0.05,1154.96
343,335,41,2025-11-26,1,4280.17,0.0,4280.17
344,206,60,2024-02-12,1,381.06,0.0,381.06
344,206,75,2024-02-12,4,44807.59,0.1,161307.32
345,10,67,2025-10-02,1,5275.46,0.1,4747.91
345,10,47,2025-10-02,2,3130.36,0.0,6260.72
346,164,21,2025-12-13,2,4472.7,0.0,8945.4
346,164,73,2025-12-13,3,18192.18,0.1,49118.89
347,182,42,2024-09-28,1,3526.42,0.0,3526.42
347,182,22,2024-09-28,1,7167.91,0.0,7167.91
348,128,23,2024-05-12,3,18396.69,0.05,52430.57
348,128,9,2024-05-12,3,24309.59,0.05,69282.33
349,158,15,2024-04-04,1,3589.44,0.0,3589.44
349,158,24,2024-04-04,2,17126.14,0.0,34252.28
350,78,17,2024-10-12,1,6664.68,0.0,6664.68
350,78,21,2024-10-12,2,4472.7,0.0,8945.4
351,37,84,2024-03-22,2,4875.5,0.0,9751.0
351,37,17,2024-03-22,1,6664.68,0.0,6664.68
352,205,29,2025-09-28,1,1442.48,0.0,1442.48
352,205,13,2025-09-28,1,9237.08,0.05,8775.23
353,222,80,2024-08-01,2,298.04,0.0,596.08
353,222,1,2024-08-01,1,57994.93,0.0,57994.93
354,352,83,2024-09-15,3,4742.53,0.0,14227.59
354,352,19,2024-09-15,1,3171.34,0.0,3171.34
355,90,16,2024-08-29,3,15771.29,0.0,47313.87
355,90,33,2024-08-29,1,936.96,0.05,890.11
356,288,16,2025-06-09,2,15771.29,0.0,31542.58
356,288,17,2025-06-09,1,6664.68,0.0,6664.68
357,389,32,2024-03-28,1,632.49,0.1,569.24
357,389,17,2024-03-28,1,6664.68,0.0,6664.68
358,385,20,2024-05-17,1,39805.25,0.15,33834.46
358,385,16,2024-05-17,2,15771.29,0.0,31542.58
359,267,28,2024-04-30,2,3566.76,0.05,6776.84
359,267,39,2024-04-30,1,6013.69,0.05,5713.01
360,13,66,2025-07-02,3,61292.01,0.0,183876.03
360,13,29,2025-07-02,1,1442.48,0.0,1442.48
361,347,65,2025-04-29,1,323.99,0.15,275.39
361,347,19,2025-04-29,2,3171.34,0.0,6342.68
362,351,82,2024-05-03,3,1221.96,0.0,3665.88
362,351,74,2024-05-03,1,18924.35,0.0,18924.35
363,105,77,2025-04-05,1,5779.62,0.1,5201.66
363,105,19,2025-04-05,1,3171.34,0.0,3171.34
364,333,50,2025-04-04,1,4015.8,0.0,4015.8
364,333,9,2025-04-04,3,24309.59,0.1,65635.89
365,35,16,2025-01-15,1,15771.29,0.15,13405.6
365,35,75,2025-01-15,2,44807.59,0.0,89615.18
366,303,2,2024-12-24,2,826.86,0.0,1653.72
366,303,75,2024-12-24,2,44807.59,0.15,76172.9
367,139,67,2024-01-20,1,5275.46,0.05,5011.69
367,139,16,2024-01-20,2,15771.29,0.0,31542.58
368,202,69,2025-09-07,1,9360.74,0.0,9360.74
368,202,44,2025-09-07,1,1116.5,0.05,1060.67
369,180,86,2024-05-23,1,4437.73,0.1,3993.96
369,180,84,2024-05-23,1,4875.5,0.0,4875.5
370,380,22,2024-12-09,1,7167.91,0.0,7167.91
370,380,16,2024-12-09,1,15771.29,0.0,15771.29
371,387,23,2024-11-30,1,18396.69,0.05,17476.86
371,387,15,2024-11-30,1,3589.44,0.05,3409.97
372,93,83,2025-02-02,1,4742.53,0.0,4742.53
372,93,83,2025-02-02,2,4742.53,0.0,9485.06
373,62,15,2024-05-23,1,3589.44,0.0,3589.44
373,62,81,2024-05-23,2,631.53,0.0,1263.06
374,181,97,2024-12-07,2,170.13,0.0,340.26
374,181,18,2024-12-07,2,4738.87,0.0,9477.74
375,172,4,2024-06-08,4,6232.39,0.0,24929.56
375,172,49,2024-06-08,1,2551.99,0.0,2551.99
376,111,18,2024-01-02,1,4738.87,0.0,4738.87
376,111,41,2024-01-02,4,4280.17,0.0,17120.68
377,312,47,2025-08-23,2,3130.36,0.0,6260.72
377,312,25,2025-08-23,1,3640.01,0.0,3640.01
378,165,16,2025-10-31,1,15771.29,0.0,15771.29
378,165,18,2025-10-31,2,4738.87,0.0,9477.74
379,114,28,2025-07-30,1,3566.76,0.0,3566.76
379,114,32,2025-07-30,1,632.49,0.1,569.24
380,247,33,2024-12-10,2,936.96,0.0,1873.92
380,247,22,2024-12-10,1,7167.91,0.1,6451.12
381,108,9,2024-04-02,1,24309.59,0.1,21878.63
381,108,89,2024-04-02,2,3390.34,0.05,6441.65
382,56,37,2025-03-10,1,4824.48,0.05,4583.26
382,56,17,2025-03-10,1,6664.68,0.1,5998.21
383,246,36,2024-10-19,1,3009.89,0.1,2708.9
383,246,17,2024-10-19,2,6664.68,0.05,12662.89
384,98,91,2024-05-12,1,11426.26,0.1,10283.63
384,98,33,2024-05-12,3,936.96,0.0,2810.88
385,144,47,2025-08-09,1,3130.36,0.1,2817.32
385,144,24,2025-08-09,1,17126.14,0.0,17126.14
386,198,40,2024-12-04,1,2396.49,0.0,2396.49
386,198,42,2024-12-04,1,3526.42,0.1,3173.78
387,326,8,2025-04-27,1,19432.89,0.1,17489.6
387,326,19,2025-04-27,3,3171.34,0.0,9514.02
388,369,99,2025-11-04,3,920.31,0.0,2760.93
388,369,14,2025-11-04,1,6842.78,0.1,6158.5
389,92,15,2025-08-17,1,3589.44,0.0,3589.44
389,92,62,2025-08-17,1,1567.17,0.0,1567.17
390,34,19,2024-03-17,1,3171.34,0.0,3171.34
390,34,26,2024-03-17,2,2072.72,0.0,4145.44
391,103,18,2024-05-19,1,4738.87,0.05,4501.93
391,103,69,2024-05-19,2,9360.74,0.0,18721.48
392,344,16,2025-03-11,1,15771.29,0.0,15771.29
392,344,54,2025-03-11,1,2049.82,0.0,2049.82
393,154,66,2025-07-23,2,61292.01,0.0,122584.02
393,154,22,2025-07-23,1,7167.91,0.0,7167.91
394,359,27,2024-06-25,2,1635.87,0.0,3271.74
394,359,68,2024-06-25,2,5460.65,0.0,10921.3
395,218,54,2025-06-16,1,2049.82,0.1,1844.84
395,218,54,2025-06-16,1,2049.82,0.05,1947.33
396,4,76,2025-12-23,2,7357.75,0.15,12508.17
396,4,72,2025-12-23,2,953.28,0.0,1906.56
397,27,83,2025-04-11,4,4742.53,0.05,18021.61
397,27,70,2025-04-11,2,7231.23,0.0,14462.46
398,332,87,2024-05-19,1,2175.83,0.1,1958.25
398,332,85,2024-05-19,3,460.42,0.05,1312.2
399,144,3,2025-07-27,1,2625.01,0.1,2362.51
399,144,16,2025-07-27,2,15771.29,0.0,31542.58
400,80,24,2025-08-30,1,17126.14,0.0,17126.14
400,80,88,2025-08-30,1,3075.5,0.0,3075.5
401,209,41,2025-06-23,1,4280.17,0.0,4280.17
401,209,66,2025-06-23,2,61292.01,0.05,116454.82
402,299,22,2024-11-09,1,7167.91,0.0,7167.91
402,299,76,2024-11-09,1,7357.75,0.0,7357.75
403,27,44,2024-10-22,2,1116.5,0.1,2009.7
403,27,73,2024-10-22,2,18192.18,0.05,34565.14
404,182,18,2024-09-26,2,4738.87,0.05,9003.85
404,182,48,2024-09-26,1,6527.42,0.0,6527.42
405,132,75,2025-06-08,1,44807.59,0.1,40326.83
405,132,30,2025-06-08,2,2686.64,0.05,5104.62
406,308,38,2025-07-09,1,5067.49,0.05,4814.12
406,308,45,2025-07-09,1,6157.34,0.0,6157.34
407,274,9,2024-03-24,2,24309.59,0.0,48619.18
407,274,16,2024-03-24,1,15771.29,0.1,14194.16
408,187,68,2025-01-03,4,5460.65,0.0,21842.6
408,187,30,2025-01-03,2,2686.64,0.0,5373.28
409,347,19,2025-09-13,4,3171.34,0.15,10782.56
409,347,69,2025-09-13,3,9360.74,0.05,26678.11
410,44,1,2024-11-03,1,57994.93,0.1,52195.44
410,44,96,2024-11-03,1,463.77,0.1,417.39
411,353,80,2025-02-05,1,298.04,0.05,283.14
411,353,87,2025-02-05,1,2175.83,0.0,2175.83
412,240,79,2025-11-23,2,2782.17,0.0,5564.34
412,240,79,2025-11-23,2,2782.17,0.05,5286.12
413,232,42,2024-02-19,2,3526.42,0.0,7052.84
413,232,37,2024-02-19,1,4824.48,0.0,4824.48
414,220,33,2024-05-25,3,936.96,0.0,2810.88
414,220,18,2024-05-25,1,4738.87,0.0,4738.87
415,67,44,2024-12-17,1,1116.5,0.0,1116.5
415,67,19,2024-12-17,2,3171.34,0.0,6342.68
416,64,73,2025-09-22,2,18192.18,0.1,32745.92
416,64,17,2025-09-22,3,6664.68,0.0,19994.04
417,294,7,2025-04-24,3,8976.08,0.0,26928.24
417,294,24,2025-04-24,3,17126.14,0.1,46240.58
418,98,13,2025-09-30,2,9237.08,0.0,18474.16
418,98,91,2025-09-30,1,11426.26,0.15,9712.32
419,142,23,2024-06-11,1,18396.69,0.05,17476.86
419,142,39,2024-06-11,1,6013.69,0.05,5713.01
420,325,35,2025-03-31,1,1209.61,0.0,1209.61
420,325,79,2025-03-31,1,2782.17,0.0,2782.17
421,123,9,2024-12-16,1,24309.59,0.0,24309.59
421,123,58,2024-12-16,2,390.71,0.1,703.28
422,275,30,2025-05-31,1,2686.64,0.05,2552.31
422,275,24,2025-05-31,2,17126.14,0.0,34252.28
423,231,74,2025-05-17,1,18924.35,0.0,18924.35
423,231,68,2025-05-17,1,5460.65,0.0,5460.65
424,128,77,2024-05-16,2,5779.62,0.15,9825.35
424,128,33,2024-05-16,2,936.96,0.15,1592.83
425,68,14,2024-03-10,2,6842.78,0.0,13685.56
425,68,3,2024-03-10,2,2625.01,0.1,4725.02
426,358,11,2024-09-23,2,3802.29,0.0,7604.58
426,358,60,2024-09-23,2,381.06,0.1,685.91
427,242,52,2025-07-23,1,2782.22,0.05,2643.11
427,242,39,2025-07-23,2,6013.69,0.0,12027.38
428,305,69,2024-11-17,1,9360.74,0.1,8424.67
428,305,100,2024-11-17,3,900.0,0.1,2430.0
429,237,64,2025-05-16,3,243.95,0.1,658.66
429,237,84,2025-05-16,1,4875.5,0.1,4387.95
430,265,56,2025-02-23,2,388.93,0.0,777.86
430,265,28,2025-02-23,2,3566.76,0.1,6420.17
431,2,54,2024-09-08,1,2049.82,0.05,1947.33
431,2,20,2024-09-08,2,39805.25,0.0,79610.5
432,5,10,2025-06-16,3,5376.54,0.05,15323.14
432,5,18,2025-06-16,2,4738.87,0.0,9477.74
433,147,71,2024-01-28,1,7406.14,0.0,7406.14
433,147,91,2024-01-28,2,11426.26,0.1,20567.27
434,198,43,2025-05-28,1,1821.71,0.05,1730.62
434,198,28,2025-05-28,3,3566.76,0.0,10700.28
434,198,39,2025-05-28,2,6013.69,0.0,12027.38
435,287,76,2024-07-14,3,7357.75,0.0,22073.25
435,287,11,2024-07-14,2,3802.29,0.0,7604.58
436,26,4,2025-05-17,1,6232.39,0.0,6232.39
436,26,10,2025-05-17,1,5376.54,0.0,5376.54
437,28,23,2024-12-25,1,18396.69,0.05,17476.86
437,28,11,2024-12-25,1,3802.29,0.05,3612.18
438,256,42,2025-12-23,4,3526.42,0.1,12695.11
438,256,13,2025-12-23,1,9237.08,0.0,9237.08
439,246,46,2024-09-09,2,6217.3,0.0,12434.6
439,246,91,2024-09-09,1,11426.26,0.05,10854.95
440,238,35,2025-01-27,1,1209.61,0.0,1209.61
440,238,5,2025-01-27,1,60993.48,0.0,60993.48
441,148,66,2025-08-17,1,61292.01,0.1,55162.81
441,148,18,2025-08-17,1,4738.87,0.0,4738.87
442,389,85,2025-12-28,1,460.42,0.0,460.42
442,389,16,2025-12-28,1,15771.29,0.0,15771.29
442,389,19,2025-12-28,1,3171.34,0.1,2854.21
443,266,12,2024-08-21,1,2459.4,0.1,2213.46
443,266,55,2024-08-21,1,2939.43,0.1,2645.49
444,17,25,2024-02-12,1,3640.01,0.1,3276.01
444,17,54,2024-02-12,2,2049.82,0.15,3484.69
445,330,23,2024-10-02,3,18396.69,0.0,55190.07
445,330,1,2024-10-02,3,57994.93,0.0,173984.79
446,297,10,2024-05-21,1,5376.54,0.0,5376.54
446,297,16,2024-05-21,2,15771.29,0.05,29965.45
447,48,42,2025-09-13,1,3526.42,0.0,3526.42
447,48,1,2025-09-13,1,57994.93,0.1,52195.44
448,160,4,2025-05-09,3,6232.39,0.0,18697.17
448,160,32,2025-05-09,1,632.49,0.05,600.87
449,80,22,2025-10-22,3,7167.91,0.0,21503.73
449,80,29,2025-10-22,2,1442.48,0.0,2884.96
450,309,33,2025-01-19,1,936.96,0.0,936.96
450,309,91,2025-01-19,2,11426.26,0.0,22852.52
451,42,83,2024-12-10,1,4742.53,0.0,4742.53
451,42,95,2024-12-10,1,180.47,0.0,180.47
452,284,34,2025-06-14,1,350.18,0.0,350.18
452,284,4,2025-06-14,1,6232.39,0.0,6232.39
453,133,54,2024-10-29,1,2049.82,0.1,1844.84
453,133,29,2024-10-29,3,1442.48,0.15,3678.32
454,109,73,2024-11-05,3,18192.18,0.1,49118.89
454,109,74,2024-11-05,2,18924.35,0.0,37848.7
455,132,18,2025-05-19,1,4738.87,0.0,4738.87
455,132,33,2025-05-19,1,936.96,0.1,843.26
456,101,22,2024-03-16,4,7167.91,0.0,28671.64
456,101,4,2024-03-16,2,6232.39,0.1,11218.3
457,132,49,2024-06-08,1,2551.99,0.0,2551.99
457,132,38,2024-06-08,3,5067.49,0.05,14442.35
458,183,92,2024-07-12,1,2248.85,0.15,1911.52
458,183,51,2024-07-12,1,5418.07,0.0,5418.07
459,244,26,2025-03-04,1,2072.72,0.0,2072.72
459,244,74,2025-03-04,2,18924.35,0.0,37848.7
459,244,19,2025-03-04,1,3171.34,0.05,3012.77
460,210,16,2024-02-14,3,15771.29,0.0,47313.87
460,210,7,2024-02-14,2,8976.08,0.05,17054.55
461,209,37,2025-01-26,2,4824.48,0.0,9648.96
461,209,69,2025-01-26,2,9360.74,0.05,17785.41
462,299,76,2024-12-24,1,7357.75,0.1,6621.98
462,299,71,2024-12-24,4,7406.14,0.1,26662.1
463,31,40,2024-10-28,1,2396.49,0.0,2396.49
463,31,69,2024-10-28,3,9360.74,0.0,28082.22
464,58,19,2025-08-21,2,3171.34,0.1,5708.41
464,58,30,2025-08-21,2,2686.64,0.0,5373.28
465,76,73,2024-01-01,1,18192.18,0.0,18192.18
465,76,66,2024-01-01,2,61292.01,0.0,122584.02
466,240,83,2024-11-24,1,4742.53,0.15,4031.15
466,240,43,2024-11-24,1,1821.71,0.15,1548.45
467,217,91,2025-04-19,1,11426.26,0.0,11426.26
467,217,43,2025-04-19,1,1821.71,0.05,1730.62
468,37,6,2025-07-01,1,9075.76,0.05,8621.97
468,37,75,2025-07-01,2,44807.59,0.1,80653.66
469,341,79,2024-08-18,2,2782.17,0.0,5564.34
469,341,42,2024-08-18,1,3526.42,0.05,3350.1
470,48,7,2024-03-04,1,8976.08,0.05,8527.28
470,48,61,2024-03-04,3,205.61,0.0,616.83
471,346,77,2025-04-09,1,5779.62,0.1,5201.66
471,346,92,2025-04-09,1,2248.85,0.0,2248.85
471,346,21,2025-04-09,3,4472.7,0.0,13418.1
472,219,39,2025-04-08,2,6013.69,0.1,10824.64
472,219,25,2025-04-08,1,3640.01,0.0,3640.01
473,233,35,2024-09-28,1,1209.61,0.05,1149.13
473,233,97,2024-09-28,1,170.13,0.1,153.12
474,206,12,2024-01-15,1,2459.4,0.0,2459.4
474,206,41,2024-01-15,1,4280.17,0.0,4280.17
475,186,71,2025-04-13,1,7406.14,0.0,7406.14
475,186,55,2025-04-13,3,2939.43,0.0,8818.29
476,93,13,2024-12-18,4,9237.08,0.0,36948.32
476,93,21,2024-12-18,1,4472.7,0.05,4249.06
477,2,39,2025-02-15,2,6013.69,0.1,10824.64
477,2,49,2025-02-15,2,2551.99,0.0,5103.98
478,190,55,2024-11-23,1,2939.43,0.0,2939.43
478,190,17,2024-11-23,1,6664.68,0.0,6664.68
479,344,58,2024-01-27,1,390.71,0.05,371.17
479,344,10,2024-01-27,1,5376.54,0.0,5376.54
480,256,56,2024-05-29,1,388.93,0.0,388.93
480,256,76,2024-05-29,2,7357.75,0.05,13979.72
481,245,60,2025-07-16,1,381.06,0.1,342.95
481,245,78,2025-07-16,2,1010.49,0.0,2020.98
482,378,75,2024-08-20,4,44807.59,0.05,170268.84
482,378,30,2024-08-20,2,2686.64,0.05,5104.62
483,254,64,2025-05-07,3,243.95,0.0,731.85
483,254,44,2025-05-07,1,1116.5,0.0,1116.5
484,299,22,2025-12-08,1,7167.91,0.0,7167.91
484,299,24,2025-12-08,2,17126.14,0.0,34252.28
485,73,20,2025-04-02,1,39805.25,0.1,35824.72
485,73,13,2025-04-02,1,9237.08,0.05,8775.23
486,317,89,2024-03-05,1,3390.34,0.1,3051.31
486,317,72,2024-03-05,4,953.28,0.05,3622.46
487,5,25,2025-05-07,1,3640.01,0.0,3640.01
487,5,30,2025-05-07,2,2686.64,0.05,5104.62
488,11,17,2025-07-30,1,6664.68,0.05,6331.45
488,11,75,2025-07-30,4,44807.59,0.1,161307.32
489,290,2,2025-09-26,1,826.86,0.05,785.52
489,290,8,2025-09-26,2,19432.89,0.15,33035.91
490,360,7,2025-04-04,3,8976.08,0.1,24235.42
490,360,41,2025-04-04,2,4280.17,0.1,7704.31
491,89,90,2025-07-09,1,16104.16,0.1,14493.74
491,89,17,2025-07-09,1,6664.68,0.0,6664.68
492,53,94,2025-04-21,3,5672.67,0.0,17018.01
492,53,7,2025-04-21,3,8976.08,0.0,26928.24
493,265,3,2025-09-16,1,2625.01,0.0,2625.01
493,265,8,2025-09-16,1,19432.89,0.0,19432.89
494,330,1,2025-04-23,1,57994.93,0.0,57994.93
494,330,94,2025-04-23,1,5672.67,0.1,5105.4
495,144,75,2024-04-15,4,44807.59,0.1,161307.32
495,144,33,2024-04-15,1,936.96,0.1,843.26
496,181,17,2025-04-07,2,6664.68,0.0,13329.36
496,181,38,2025-04-07,1,5067.49,0.05,4814.12
497,345,19,2025-06-10,1,3171.34,0.0,3171.34
497,345,21,2025-06-10,1,4472.7,0.0,4472.7
498,284,6,2024-05-04,2,9075.76,0.0,18151.52
498,284,66,2024-05-04,1,61292.01,0.0,61292.01
499,345,84,2025-10-16,1,4875.5,0.0,4875.5
499,345,37,2025-10-16,2,4824.48,0.05,9166.51
500,3,98,2024-06-11,2,4132.36,0.1,7438.25
500,3,41,2024-06-11,1,4280.17,0.1,3852.15
501,385,19,2024-08-20,2,3171.34,0.15,5391.28
501,385,18,2024-08-20,1,4738.87,0.05,4501.93
502,169,18,2024-06-17,2,4738.87,0.0,9477.74
502,169,35,2024-06-17,1,1209.61,0.0,1209.61
503,268,42,2024-06-25,2,3526.42,0.0,7052.84
503,268,16,2024-06-25,2,15771.29,0.0,31542.58
504,280,76,2025-08-04,2,7357.75,0.0,14715.5
504,280,96,2025-08-04,1,463.77,0.0,463.77
505,47,83,2024-10-13,2,4742.53,0.15,8062.3
505,47,17,2024-10-13,1,6664.68,0.05,6331.45
506,353,71,2024-09-17,1,7406.14,0.0,7406.14
506,353,55,2024-09-17,3,2939.43,0.1,7936.46
507,18,18,2024-03-06,1,4738.87,0.0,4738.87
507,18,19,2024-03-06,1,3171.34,0.15,2695.64
508,277,89,2024-07-26,1,3390.34,0.05,3220.82
508,277,42,2024-07-26,2,3526.42,0.1,6347.56
509,188,25,2025-04-07,3,3640.01,0.1,9828.03
509,188,17,2025-04-07,3,6664.68,0.0,19994.04
510,335,23,2025-01-19,1,18396.69,0.0,18396.69
510,335,83,2025-01-19,2,4742.53,0.05,9010.81
511,151,49,2024-01-05,3,2551.99,0.0,7655.97
511,151,57,2024-01-05,1,485.43,0.0,485.43
512,33,100,2024-11-07,2,900.0,0.0,1800.0
512,33,74,2024-11-07,1,18924.35,0.05,17978.13
513,111,17,2025-11-22,2,6664.68,0.05,12662.89
513,111,19,2025-11-22,1,3171.34,0.0,3171.34
514,215,13,2024-01-23,1,9237.08,0.1,8313.37
514,215,23,2024-01-23,1,18396.69,0.0,18396.69
515,192,4,2024-09-06,1,6232.39,0.05,5920.77
515,192,43,2024-09-06,2,1821.71,0.05,3461.25
516,397,11,2025-02-15,1,3802.29,0.0,3802.29
516,397,98,2025-02-15,3,4132.36,0.0,12397.08
517,4,71,2024-08-22,2,7406.14,0.0,14812.28
517,4,75,2024-08-22,1,44807.59,0.0,44807.59
518,272,76,2024-03-09,1,7357.75,0.0,7357.75
518,272,8,2024-03-09,1,19432.89,0.05,18461.25
519,246,13,2024-06-30,1,9237.08,0.0,9237.08
519,246,13,2024-06-30,2,9237.08,0.0,18474.16
520,357,5,2024-10-01,4,60993.48,0.1,219576.53
520,357,70,2024-10-01,1,7231.23,0.0,7231.23
521,77,41,2025-05-18,2,4280.17,0.0,8560.34
521,77,88,2025-05-18,1,3075.5,0.0,3075.5
522,19,23,2025-02-27,1,18396.69,0.05,17476.86
522,19,23,2025-02-27,1,18396.69,0.0,18396.69
523,163,55,2025-08-07,1,2939.43,0.0,2939.43
523,163,90,2025-08-07,4,16104.16,0.05,61195.81
524,125,76,2024-12-26,2,7357.75,0.0,14715.5
524,125,96,2024-12-26,1,463.77,0.0,463.77
525,105,25,2025-07-18,2,3640.01,0.15,6188.02
525,105,87,2025-07-18,1,2175.83,0.0,2175.83
526,348,99,2024-10-05,1,920.31,0.0,920.31
526,348,5,2024-10-05,2,60993.48,0.1,109788.26
527,240,40,2024-06-02,1,2396.49,0.0,2396.49
527,240,36,2024-06-02,2,3009.89,0.0,6019.78
528,263,48,2025-06-02,1,6527.42,0.0,6527.42
528,263,42,2025-06-02,2,3526.42,0.05,6700.2
529,345,68,2024-03-19,2,5460.65,0.05,10375.23
529,345,22,2024-03-19,1,7167.91,0.1,6451.12
530,281,73,2025-12-08,1,18192.18,0.0,18192.18
530,281,11,2025-12-08,1,3802.29,0.0,3802.29
531,267,19,2024-04-25,1,3171.34,0.05,3012.77
531,267,29,2024-04-25,1,1442.48,0.15,1226.11
532,363,23,2025-03-23,1,18396.69,0.0,18396.69
532,363,38,2025-03-23,2,5067.49,0.0,10134.98
533,236,78,2024-02-16,2,1010.49,0.0,2020.98
533,236,92,2024-02-16,1,2248.85,0.1,2023.96
534,136,49,2024-01-01,1,2551.99,0.1,2296.79
534,136,76,2024-01-01,1,7357.75,0.1,6621.98
535,237,4,2025-12-14,2,6232.39,0.0,12464.78
535,237,34,2025-12-14,1,350.18,0.0,350.18
536,234,73,2024-06-14,1,18192.18,0.05,17282.57
536,234,69,2024-06-14,4,9360.74,0.0,37442.96
537,180,19,2025-09-16,3,3171.34,0.1,8562.62
537,180,21,2025-09-16,2,4472.7,0.05,8498.13
538,387,16,2025-09-22,3,15771.29,0.1,42582.48
538,387,8,2025-09-22,1,19432.89,0.0,19432.89
539,33,16,2024-03-30,1,15771.29,0.0,15771.29
539,33,2,2024-03-30,2,826.86,0.1,1488.35
540,273,14,2025-05-15,4,6842.78,0.0,27371.12
540,273,2,2025-05-15,1,826.86,0.0,826.86
541,358,20,2025-06-04,2,39805.25,0.0,79610.5
541,358,71,2025-06-04,4,7406.14,0.0,29624.56
542,201,17,2024-12-04,1,6664.68,0.15,5664.98
542,201,3,2024-12-04,1,2625.01,0.1,2362.51
543,378,14,2025-06-17,1,6842.78,0.1,6158.5
543,378,44,2025-06-17,1,1116.5,0.05,1060.67
544,232,17,2024-06-04,2,6664.68,0.0,13329.36
544,232,44,2024-06-04,1,1116.5,0.15,949.02
545,2,22,2024-12-02,2,7167.91,0.0,14335.82
545,2,20,2024-12-02,3,39805.25,0.0,119415.75
546,390,45,2024-05-08,2,6157.34,0.1,11083.21
546,390,25,2024-05-08,1,3640.01,0.05,3458.01
547,52,99,2025-08-03,1,920.31,0.1,828.28
547,52,6,2025-08-03,1,9075.76,0.0,9075.76
548,12,19,2025-11-21,1,3171.34,0.0,3171.34
548,12,16,2025-11-21,2,15771.29,0.0,31542.58
549,52,77,2024-09-01,1,5779.62,0.0,5779.62
549,52,21,2024-09-01,1,4472.7,0.15,3801.79
550,115,23,2024-06-25,2,18396.69,0.0,36793.38
550,115,77,2024-06-25,2,5779.62,0.0,11559.24
551,271,76,2025-02-09,1,7357.75,0.0,7357.75
551,271,37,2025-02-09,2,4824.48,0.05,9166.51
552,231,77,2024-11-25,1,5779.62,0.0,5779.62
552,231,43,2024-11-25,2,1821.71,0.05,3461.25
553,132,74,2025-03-27,1,18924.35,0.05,17978.13
553,132,45,2025-03-27,1,6157.34,0.1,5541.61
554,84,23,2025-10-14,2,18396.69,0.0,36793.38
554,84,61,2025-10-14,3,205.61,0.05,585.99
555,235,64,2025-08-01,2,243.95,0.1,439.11
555,235,77,2025-08-01,2,5779.62,0.05,10981.28
556,385,24,2025-12-27,1,17126.14,0.0,17126.14
556,385,13,2025-12-27,3,9237.08,0.05,26325.68
557,354,19,2025-05-30,3,3171.34,0.05,9038.32
557,354,23,2025-05-30,3,18396.69,0.0,55190.07
558,369,17,2024-02-08,2,6664.68,0.15,11329.96
558,369,55,2024-02-08,1,2939.43,0.1,2645.49
559,3,20,2025-07-01,1,39805.25,0.05,37814.99
559,3,23,2025-07-01,1,18396.69,0.1,16557.02
560,108,3,2025-11-03,1,2625.01,0.0,2625.01
560,108,44,2025-11-03,1,1116.5,0.0,1116.5
561,345,74,2025-08-10,1,18924.35,0.0,18924.35
561,345,4,2025-08-10,1,6232.39,0.1,5609.15
562,249,65,2024-02-17,1,323.99,0.1,291.59
562,249,16,2024-02-17,1,15771.29,0.0,15771.29
563,286,42,2025-08-27,1,3526.42,0.0,3526.42
563,286,21,2025-08-27,1,4472.7,0.0,4472.7
564,252,70,2024-11-25,1,7231.23,0.15,6146.55
564,252,56,2024-11-25,3,388.93,0.1,1050.11
565,187,23,2025-07-09,1,18396.69,0.1,16557.02
565,187,66,2025-07-09,4,61292.01,0.0,245168.04
566,254,68,2024-09-03,1,5460.65,0.0,5460.65
566,254,8,2024-09-03,2,19432.89,0.0,38865.78
567,140,2,2025-05-12,1,826.86,0.15,702.83
567,140,19,2025-05-12,4,3171.34,0.05,12051.09
568,317,75,2024-08-07,1,44807.59,0.0,44807.59
568,317,98,2024-08-07,2,4132.36,0.05,7851.48
569,322,9,2025-11-24,1,24309.59,0.0,24309.59
569,322,69,2025-11-24,4,9360.74,0.0,37442.96
570,344,18,2025-12-05,3,4738.87,0.0,14216.61
570,344,35,2025-12-05,1,1209.61,0.05,1149.13
571,166,22,2025-07-18,1,7167.91,0.0,7167.91
571,166,8,2025-07-18,1,19432.89,0.1,17489.6
572,24,85,2024-11-24,1,460.42,0.05,437.4
572,24,16,2024-11-24,2,15771.29,0.05,29965.45
573,54,21,2024-10-25,1,4472.7,0.0,4472.7
573,54,70,2024-10-25,1,7231.23,0.05,6869.67
574,216,77,2024-10-25,2,5779.62,0.0,11559.24
574,216,70,2024-10-25,1,7231.23,0.0,7231.23
575,58,74,2024-11-06,1,18924.35,0.0,18924.35
575,58,15,2024-11-06,1,3589.44,0.0,3589.44
576,113,67,2025-04-26,2,5275.46,0.1,9495.83
576,113,73,2025-04-26,1,18192.18,0.1,16372.96
577,176,73,2025-11-18,4,18192.18,0.0,72768.72
577,176,100,2025-11-18,1,900.0,0.0,900.0
578,351,74,2025-10-03,2,18924.35,0.0,37848.7
578,351,83,2025-10-03,1,4742.53,0.0,4742.53
578,351,68,2025-10-03,1,5460.65,0.0,5460.65
579,62,48,2024-12-10,2,6527.42,0.0,13054.84
579,62,20,2024-12-10,4,39805.25,0.0,159221.0
580,348,70,2025-09-16,1,7231.23,0.0,7231.23
580,348,75,2025-09-16,3,44807.59,0.15,114259.35
581,341,88,2025-06-30,2,3075.5,0.05,5843.45
581,341,44,2025-06-30,3,1116.5,0.0,3349.5
582,187,74,2024-07-15,1,18924.35,0.0,18924.35
582,187,100,2024-07-15,2,900.0,0.05,1710.0
582,187,100,2024-07-15,1,900.0,0.1,810.0
583,140,41,2024-07-31,4,4280.17,0.0,17120.68
583,140,66,2024-07-31,2,61292.01,0.0,122584.02
584,1,18,2025-08-14,2,4738.87,0.0,9477.74
584,1,44,2025-08-14,1,1116.5,0.0,1116.5
585,295,18,2025-02-14,2,4738.87,0.0,9477.74
585,295,85,2025-02-14,1,460.42,0.15,391.36
586,241,74,2024-04-06,2,18924.35,0.0,37848.7
586,241,74,2024-04-06,1,18924.35,0.1,17031.92
587,73,24,2024-11-22,1,17126.14,0.0,17126.14
587,73,26,2024-11-22,3,2072.72,0.0,6218.16
588,76,17,2025-01-03,1,6664.68,0.0,6664.68
588,76,17,2025-01-03,1,6664.68,0.1,5998.21
589,129,5,2024-10-24,1,60993.48,0.05,57943.81
589,129,15,2024-10-24,3,3589.44,0.0,10768.32
590,155,33,2025-04-15,3,936.96,0.05,2670.34
590,155,100,2025-04-15,1,900.0,0.0,900.0
590,155,87,2025-04-15,2,2175.83,0.0,4351.66
591,242,75,2024-02-13,1,44807.59,0.0,44807.59
591,242,76,2024-02-13,1,7357.75,0.05,6989.86
592,243,88,2025-12-06,1,3075.5,0.1,2767.95
592,243,46,2025-12-06,1,6217.3,0.0,6217.3
593,246,98,2025-09-21,2,4132.36,0.0,8264.72
593,246,84,2025-09-21,2,4875.5,0.0,9751.0
594,22,46,2024-02-12,1,6217.3,0.1,5595.57
594,22,40,2024-02-12,2,2396.49,0.0,4792.98
595,47,86,2024-09-06,1,4437.73,0.0,4437.73
595,47,47,2024-09-06,1,3130.36,0.1,2817.32
596,10,71,2025-10-26,1,7406.14,0.05,7035.83
596,10,2,2025-10-26,1,826.86,0.0,826.86
597,138,47,2024-04-24,4,3130.36,0.1,11269.3
597,138,82,2024-04-24,2,1221.96,0.1,2199.53
598,148,25,2024-08-19,1,3640.01,0.0,3640.01
598,148,47,2024-08-19,1,3130.36,0.0,3130.36
599,159,23,2025-10-01,2,18396.69,0.0,36793.38
599,159,57,2025-10-01,1,485.43,0.0,485.43
600,243,71,2025-07-03,1,7406.14,0.0,7406.14
600,243,5,2025-07-03,2,60993.48,0.0,121986.96
601,143,36,2024-12-27,1,3009.89,0.1,2708.9
601,143,44,2024-12-27,2,1116.5,0.0,2233.0
602,246,59,2025-08-09,1,405.25,0.05,384.99
602,246,9,2025-08-09,1,24309.59,0.0,24309.59
603,197,56,2024-10-06,1,388.93,0.0,388.93
603,197,4,2024-10-06,3,6232.39,0.0,18697.17
604,361,71,2024-09-02,2,7406.14,0.1,13331.05
604,361,33,2024-09-02,1,936.96,0.0,936.96
605,43,39,2025-11-17,1,6013.69,0.0,6013.69
605,43,43,2025-11-17,1,1821.71,0.0,1821.71
606,160,23,2025-11-10,1,18396.69,0.15,15637.19
606,160,18,2025-11-10,1,4738.87,0.05,4501.93
607,321,24,2024-11-18,2,17126.14,0.0,34252.28
607,321,6,2024-11-18,1,9075.76,0.0,9075.76
608,263,8,2025-10-15,3,19432.89,0.0,58298.67
608,263,21,2025-10-15,2,4472.7,0.0,8945.4
609,9,43,2024-03-09,1,1821.71,0.0,1821.71
609,9,3,2024-03-09,1,2625.01,0.05,2493.76
610,395,18,2025-11-24,1,4738.87,0.0,4738.87
610,395,83,2025-11-24,1,4742.53,0.0,4742.53
611,152,71,2025-05-21,2,7406.14,0.0,14812.28
611,152,11,2025-05-21,1,3802.29,0.0,3802.29
612,148,86,2024-06-15,2,4437.73,0.1,7987.91
612,148,20,2024-06-15,1,39805.25,0.0,39805.25
613,329,7,2024-06-13,2,8976.08,0.05,17054.55
613,329,14,2024-06-13,3,6842.78,0.0,20528.34
614,276,39,2025-02-14,1,6013.69,0.0,6013.69
614,276,12,2025-02-14,1,2459.4,0.0,2459.4
615,360,64,2025-08-26,1,243.95,0.05,231.75
615,360,1,2025-08-26,1,57994.93,0.0,57994.93
616,324,22,2025-04-29,1,7167.91,0.1,6451.12
616,324,21,2025-04-29,1,4472.7,0.0,4472.7
617,10,92,2025-06-13,2,2248.85,0.05,4272.81
617,10,2,2025-06-13,1,826.86,0.1,744.17
618,163,32,2024-02-04,1,632.49,0.0,632.49
618,163,88,2024-02-04,1,3075.5,0.0,3075.5
619,18,20,2025-05-19,2,39805.25,0.15,67668.93
619,18,44,2025-05-19,1,1116.5,0.0,1116.5
620,168,65,2025-04-01,2,323.99,0.0,647.98
620,168,69,2025-04-01,1,9360.74,0.1,8424.67
621,120,45,2025-10-25,2,6157.34,0.15,10467.48
621,120,81,2025-10-25,1,631.53,0.0,631.53
622,300,56,2024-01-04,2,388.93,0.0,777.86
622,300,73,2024-01-04,2,18192.18,0.1,32745.92
623,148,37,2025-07-03,1,4824.48,0.0,4824.48
623,148,51,2025-07-03,3,5418.07,0.0,16254.21
624,88,88,2025-08-13,1,3075.5,0.0,3075.5
624,88,25,2025-08-13,2,3640.01,0.0,7280.02
625,51,82,2024-10-27,1,1221.96,0.05,1160.86
625,51,78,2024-10-27,1,1010.49,0.05,959.97
626,269,24,2025-02-17,1,17126.14,0.0,17126.14
626,269,74,2025-02-17,2,18924.35,0.0,37848.7
627,256,21,2025-12-19,3,4472.7,0.1,12076.29
627,256,77,2025-12-19,1,5779.62,0.0,5779.62
628,272,62,2024-09-09,1,1567.17,0.0,1567.17
628,272,10,2024-09-09,1,5376.54,0.0,5376.54
629,54,72,2024-12-23,1,953.28,0.05,905.62
629,54,38,2024-12-23,1,5067.49,0.1,4560.74
630,259,20,2025-08-16,3,39805.25,0.1,107474.18
630,259,73,2025-08-16,1,18192.18,0.05,17282.57
631,303,24,2024-09-27,1,17126.14,0.1,15413.53
631,303,66,2024-09-27,2,61292.01,0.0,122584.02
632,197,51,2024-05-30,1,5418.07,0.05,5147.17
632,197,35,2024-05-30,1,1209.61,0.0,1209.61
633,16,28,2025-09-06,1,3566.76,0.0,3566.76
633,16,19,2025-09-06,1,3171.34,0.0,3171.34
634,240,75,2025-05-27,2,44807.59,0.0,89615.18
634,240,85,2025-05-27,1,460.42,0.05,437.4
635,232,3,2025-04-16,2,2625.01,0.0,5250.02
635,232,25,2025-04-16,2,3640.01,0.0,7280.02
636,334,100,2024-06-18,1,900.0,0.1,810.0
636,334,5,2024-06-18,2,60993.48,0.0,121986.96
637,47,22,2025-08-09,1,7167.91,0.0,7167.91
637,47,66,2025-08-09,2,61292.01,0.05,116454.82
638,335,76,2024-01-12,2,7357.75,0.0,14715.5
638,335,54,2024-01-12,1,2049.82,0.0,2049.82
639,115,28,2024-08-22,1,3566.76,0.0,3566.76
639,115,23,2024-08-22,1,18396.69,0.0,18396.69
640,277,83,2024-05-22,1,4742.53,0.0,4742.53
640,277,26,2024-05-22,1,2072.72,0.0,2072.72
641,99,7,2025-10-01,1,8976.08,0.0,8976.08
641,99,41,2025-10-01,2,4280.17,0.0,8560.34
642,142,76,2024-09-02,2,7357.75,0.0,14715.5
642,142,74,2024-09-02,2,18924.35,0.05,35956.26
643,216,73,2025-01-17,1,18192.18,0.1,16372.96
643,216,74,2025-01-17,2,18924.35,0.0,37848.7
644,101,1,2025-03-06,1,57994.93,0.05,55095.18
644,101,83,2025-03-06,1,4742.53,0.0,4742.53
645,74,6,2025-03-31,2,9075.76,0.0,18151.52
645,74,15,2025-03-31,2,3589.44,0.15,6102.05
646,220,41,2024-02-20,1,4280.17,0.05,4066.16
646,220,67,2024-02-20,2,5275.46,0.0,10550.92
647,292,8,2025-01-01,2,19432.89,0.0,38865.78
647,292,44,2025-01-01,2,1116.5,0.0,2233.0
648,168,18,2025-05-07,1,4738.87,0.0,4738.87
648,168,26,2025-05-07,2,2072.72,0.0,4145.44
648,168,8,2025-05-07,1,19432.89,0.0,19432.89
649,220,25,2024-09-16,4,3640.01,0.0,14560.04
649,220,56,2024-09-16,1,388.93,0.05,369.48
650,131,40,2024-05-06,3,2396.49,0.0,7189.47
650,131,72,2024-05-06,1,953.28,0.0,953.28
650,131,20,2024-05-06,1,39805.25,0.0,39805.25
651,69,70,2024-10-07,1,7231.23,0.05,6869.67
651,69,66,2024-10-07,1,61292.01,0.0,61292.01
652,230,76,2024-09-05,3,7357.75,0.0,22073.25
652,230,23,2024-09-05,3,18396.69,0.1,49671.06
653,248,75,2025-02-12,1,44807.59,0.1,40326.83
653,248,100,2025-02-12,1,900.0,0.1,810.0
654,145,24,2024-10-30,1,17126.14,0.05,16269.83
654,145,18,2024-10-30,3,4738.87,0.0,14216.61
655,385,37,2025-01-20,2,4824.48,0.1,8684.06
655,385,84,2025-01-20,1,4875.5,0.05,4631.72
656,223,75,2024-08-24,3,44807.59,0.0,134422.77
656,223,26,2024-08-24,1,2072.72,0.0,2072.72
657,208,33,2024-05-30,3,936.96,0.15,2389.25
657,208,12,2024-05-30,1,2459.4,0.0,2459.4
658,41,78,2024-09-20,2,1010.49,0.1,1818.88
658,41,44,2024-09-20,1,1116.5,0.1,1004.85
659,55,25,2025-07-08,2,3640.01,0.0,7280.02
659,55,69,2025-07-08,3,9360.74,0.05,26678.11
660,142,7,2024-09-02,1,8976.08,0.0,8976.08
660,142,59,2024-09-02,1,405.25,0.0,405.25
661,337,9,2025-07-11,2,24309.59,0.0,48619.18
661,337,42,2025-07-11,2,3526.42,0.15,5994.91
662,292,58,2025-06-10,2,390.71,0.1,703.28
662,292,55,2025-06-10,4,2939.43,0.1,10581.95
663,322,67,2024-11-22,4,5275.46,0.0,21101.84
663,322,67,2024-11-22,1,5275.46,0.0,5275.46
664,119,18,2024-03-03,1,4738.87,0.0,4738.87
664,119,12,2024-03-03,1,2459.4,0.0,2459.4
665,177,20,2025-09-13,1,39805.25,0.1,35824.72
665,177,73,2025-09-13,1,18192.18,0.1,16372.96
666,222,68,2025-05-25,1,5460.65,0.05,5187.62
666,222,11,2025-05-25,1,3802.29,0.05,3612.18
667,89,71,2024-12-22,1,7406.14,0.1,6665.53
667,89,43,2024-12-22,1,1821.71,0.0,1821.71
668,373,18,2024-08-15,1,4738.87,0.0,4738.87
668,373,9,2024-08-15,2,24309.59,0.0,48619.18
669,70,68,2025-11-02,2,5460.65,0.0,10921.3
669,70,17,2025-11-02,2,6664.68,0.0,13329.36
670,135,70,2024-08-27,1,7231.23,0.1,6508.11
670,135,6,2024-08-27,1,9075.76,0.0,9075.76
671,279,1,2024-07-18,1,57994.93,0.1,52195.44
671,279,3,2024-07-18,1,2625.01,0.1,2362.51
672,10,83,2025-05-13,2,4742.53,0.0,9485.06
672,10,24,2025-05-13,1,17126.14,0.05,16269.83
673,304,73,2025-11-12,1,18192.18,0.0,18192.18
673,304,19,2025-11-12,1,3171.34,0.0,3171.34
674,122,26,2024-02-12,1,2072.72,0.05,1969.08
674,122,53,2024-02-12,3,651.44,0.1,1758.89
675,368,11,2024-06-10,3,3802.29,0.1,10266.18
675,368,50,2024-06-10,2,4015.8,0.05,7630.02
676,343,74,2025-06-06,1,18924.35,0.15,16085.7
676,343,18,2025-06-06,2,4738.87,0.0,9477.74
677,69,41,2024-12-01,1,4280.17,0.05,4066.16
677,69,29,2024-12-01,2,1442.48,0.0,2884.96
678,221,57,2024-12-13,1,485.43,0.1,436.89
678,221,7,2024-12-13,2,8976.08,0.0,17952.16
679,268,77,2025-01-26,3,5779.62,0.1,15604.97
679,268,71,2025-01-26,1,7406.14,0.0,7406.14
680,191,43,2025-05-19,3,1821.71,0.15,4645.36
680,191,6,2025-05-19,1,9075.76,0.05,8621.97
681,246,54,2024-03-03,2,2049.82,0.0,4099.64
681,246,68,2024-03-03,1,5460.65,0.0,5460.65
682,227,48,2024-03-18,2,6527.42,0.0,13054.84
682,227,39,2024-03-18,3,6013.69,0.0,18041.07
683,116,77,2024-06-24,1,5779.62,0.1,5201.66
683,116,51,2024-06-24,1,5418.07,0.0,5418.07
684,23,61,2025-07-11,1,205.61,0.0,205.61
684,23,4,2025-07-11,2,6232.39,0.0,12464.78
685,333,19,2025-11-19,1,3171.34,0.05,3012.77
685,333,66,2025-11-19,1,61292.01,0.0,61292.01
686,203,38,2025-11-22,1,5067.49,0.1,4560.74
686,203,18,2025-11-22,1,4738.87,0.0,4738.87
687,341,60,2025-12-26,1,381.06,0.0,381.06
687,341,84,2025-12-26,1,4875.5,0.0,4875.5
688,65,13,2024-08-21,1,9237.08,0.0,9237.08
688,65,66,2024-08-21,1,61292.01,0.15,52098.21
689,87,82,2025-02-04,2,1221.96,0.0,2443.92
689,87,79,2025-02-04,2,2782.17,0.0,5564.34
690,347,9,2025-06-30,1,24309.59,0.05,23094.11
690,347,73,2025-06-30,2,18192.18,0.0,36384.36
691,69,75,2024-10-22,2,44807.59,0.0,89615.18
691,69,2,2024-10-22,1,826.86,0.0,826.86
692,179,9,2024-06-24,2,24309.59,0.0,48619.18
692,179,97,2024-06-24,1,170.13,0.05,161.62
693,3,44,2024-06-23,2,1116.5,0.0,2233.0
693,3,83,2024-06-23,1,4742.53,0.0,4742.53
694,77,20,2025-11-30,1,39805.25,0.1,35824.72
694,77,21,2025-11-30,3,4472.7,0.0,13418.1
695,267,7,2024-06-13,3,8976.08,0.0,26928.24
695,267,23,2024-06-13,3,18396.69,0.0,55190.07
696,85,36,2024-10-22,1,3009.89,0.0,3009.89
696,85,70,2024-10-22,1,7231.23,0.0,7231.23
697,12,88,2025-01-21,1,3075.5,0.0,3075.5
697,12,34,2025-01-21,2,350.18,0.1,630.32
698,343,16,2025-04-03,2,15771.29,0.1,28388.32
698,343,22,2025-04-03,1,7167.91,0.0,7167.91
699,272,6,2025-01-04,1,9075.76,0.15,7714.4
699,272,5,2025-01-04,2,60993.48,0.1,109788.26
700,380,82,2025-11-17,2,1221.96,0.0,2443.92
700,380,100,2025-11-17,1,900.0,0.0,900.0
701,321,38,2024-03-07,2,5067.49,0.0,10134.98
701,321,73,2024-03-07,2,18192.18,0.0,36384.36
702,185,69,2025-01-20,2,9360.74,0.0,18721.48
702,185,1,2025-01-20,2,57994.93,0.0,115989.86
703,76,33,2024-07-12,1,936.96,0.05,890.11
703,76,17,2024-07-12,4,6664.68,0.0,26658.72
704,144,75,2024-04-03,2,44807.59,0.0,89615.18
704,144,72,2024-04-03,1,953.28,0.05,905.62
705,273,81,2024-02-13,1,631.53,0.1,568.38
705,273,36,2024-02-13,1,3009.89,0.1,2708.9
706,373,87,2024-09-21,2,2175.83,0.0,4351.66
706,373,23,2024-09-21,1,18396.69,0.1,16557.02
706,373,80,2024-09-21,3,298.04,0.0,894.12
707,311,1,2025-08-02,3,57994.93,0.0,173984.79
707,311,13,2025-08-02,2,9237.08,0.0,18474.16
708,364,5,2025-02-01,2,60993.48,0.1,109788.26
708,364,12,2025-02-01,1,2459.4,0.05,2336.43
709,55,28,2025-01-04,1,3566.76,0.15,3031.75
709,55,18,2025-01-04,1,4738.87,0.0,4738.87
710,181,32,2024-07-14,1,632.49,0.0,632.49
710,181,16,2024-07-14,1,15771.29,0.0,15771.29
711,261,1,2024-05-22,2,57994.93,0.05,110190.37
711,261,21,2024-05-22,2,4472.7,0.0,8945.4
712,342,20,2025-07-20,1,39805.25,0.1,35824.72
712,342,18,2025-07-20,1,4738.87,0.05,4501.93
713,152,11,2024-03-27,1,3802.29,0.0,3802.29
713,152,9,2024-03-27,2,24309.59,0.0,48619.18
714,369,31,2024-04-19,3,1205.75,0.05,3436.39
714,369,75,2024-04-19,2,44807.59,0.0,89615.18
715,296,82,2025-07-01,1,1221.96,0.05,1160.86
715,296,54,2025-07-01,2,2049.82,0.0,4099.64
716,263,25,2024-01-15,2,3640.01,0.0,7280.02
716,263,58,2024-01-15,4,390.71,0.1,1406.56
717,362,55,2025-08-17,2,2939.43,0.1,5290.97
717,362,55,2025-08-17,3,2939.43,0.15,7495.55
718,373,3,2025-01-19,1,2625.01,0.05,2493.76
718,373,75,2025-01-19,2,44807.59,0.1,80653.66
719,114,73,2025-07-07,1,18192.18,0.1,16372.96
719,114,4,2025-07-07,1,6232.39,0.0,6232.39
720,295,19,2024-06-24,1,3171.34,0.0,3171.34
720,295,74,2024-06-24,2,18924.35,0.0,37848.7
721,13,24,2024-04-03,1,17126.14,0.1,15413.53
721,13,26,2024-04-03,1,2072.72,0.05,1969.08
722,396,78,2025-09-10,2,1010.49,0.0,2020.98
722,396,20,2025-09-10,3,39805.25,0.05,113444.96
723,277,29,2024-02-19,1,1442.48,0.1,1298.23
723,277,96,2024-02-19,2,463.77,0.0,927.54
724,103,68,2025-01-05,2,5460.65,0.05,10375.23
724,103,58,2025-01-05,2,390.71,0.1,703.28
725,81,15,2024-08-09,1,3589.44,0.0,3589.44
725,81,9,2024-08-09,1,24309.59,0.15,20663.15
726,189,18,2024-09-25,1,4738.87,0.1,4264.98
726,189,8,2024-09-25,1,19432.89,0.05,18461.25
727,174,73,2025-04-26,2,18192.18,0.0,36384.36
727,174,15,2025-04-26,1,3589.44,0.0,3589.44
728,109,7,2025-06-10,3,8976.08,0.0,26928.24
728,109,38,2025-06-10,1,5067.49,0.1,4560.74
729,235,18,2024-04-02,1,4738.87,0.05,4501.93
729,235,41,2024-04-02,1,4280.17,0.05,4066.16
730,92,5,2025-11-13,1,60993.48,0.0,60993.48
730,92,40,2025-11-13,1,2396.49,0.15,2037.02
731,48,14,2025-04-23,4,6842.78,0.05,26002.56
731,48,23,2025-04-23,1,18396.69,0.0,18396.69
731,48,80,2025-04-23,2,298.04,0.0,596.08
732,213,84,2024-08-06,2,4875.5,0.1,8775.9
732,213,74,2024-08-06,1,18924.35,0.05,17978.13
732,213,53,2024-08-06,1,651.44,0.0,651.44
733,159,32,2025-03-20,1,632.49,0.0,632.49
733,159,15,2025-03-20,2,3589.44,0.0,7178.88
734,301,27,2024-09-01,1,1635.87,0.0,1635.87
734,301,64,2024-09-01,1,243.95,0.05,231.75
735,352,18,2024-08-12,1,4738.87,0.0,4738.87
735,352,80,2024-08-12,1,298.04,0.0,298.04
736,16,25,2024-07-02,3,3640.01,0.0,10920.03
736,16,90,2024-07-02,1,16104.16,0.05,15298.95
737,61,21,2025-01-31,1,4472.7,0.1,4025.43
737,61,70,2025-01-31,1,7231.23,0.0,7231.23
738,30,74,2025-03-16,1,18924.35,0.05,17978.13
738,30,18,2025-03-16,1,4738.87,0.05,4501.93
739,158,13,2025-12-27,1,9237.08,0.05,8775.23
739,158,61,2025-12-27,2,205.61,0.05,390.66
740,128,46,2024-06-24,1,6217.3,0.0,6217.3
740,128,60,2024-06-24,1,381.06,0.1,342.95
741,57,19,2025-04-17,1,3171.34,0.1,2854.21
741,57,22,2025-04-17,1,7167.91,0.0,7167.91
742,98,58,2025-11-12,2,390.71,0.0,781.42
742,98,73,2025-11-12,1,18192.18,0.0,18192.18
743,117,18,2025-03-06,2,4738.87,0.1,8529.97
743,117,21,2025-03-06,1,4472.7,0.0,4472.7
744,373,19,2024-04-16,4,3171.34,0.05,12051.09
744,373,22,2024-04-16,1,7167.91,0.0,7167.91
745,335,37,2025-10-15,1,4824.48,0.0,4824.48
745,335,23,2025-10-15,2,18396.69,0.0,36793.38
746,229,16,2025-01-24,1,15771.29,0.1,14194.16
746,229,29,2025-01-24,1,1442.48,0.0,1442.48
747,14,25,2024-03-06,1,3640.01,0.05,3458.01
747,14,21,2024-03-06,1,4472.7,0.1,4025.43
748,118,24,2025-03-27,4,17126.14,0.0,68504.56
748,118,12,2025-03-27,1,2459.4,0.0,2459.4
749,387,76,2025-10-02,1,7357.75,0.15,6254.09
749,387,75,2025-10-02,1,44807.59,0.05,42567.21
750,188,75,2025-07-01,1,44807.59,0.1,40326.83
750,188,17,2025-07-01,1,6664.68,0.1,5998.21
751,46,73,2024-08-25,1,18192.18,0.1,16372.96
751,46,24,2024-08-25,1,17126.14,0.05,16269.83
752,15,44,2025-09-12,1,1116.5,0.1,1004.85
752,15,74,2025-09-12,3,18924.35,0.0,56773.05
753,393,97,2025-02-01,3,170.13,0.1,459.35
753,393,68,2025-02-01,1,5460.65,0.0,5460.65
754,305,68,2025-10-23,1,5460.65,0.05,5187.62
754,305,18,2025-10-23,1,4738.87,0.0,4738.87
755,43,20,2024-06-06,1,39805.25,0.0,39805.25
755,43,73,2024-06-06,2,18192.18,0.0,36384.36
756,151,38,2024-09-08,1,5067.49,0.05,4814.12
756,151,8,2024-09-08,1,19432.89,0.0,19432.89
757,254,87,2025-06-08,1,2175.83,0.0,2175.83
757,254,78,2025-06-08,2,1010.49,0.1,1818.88
758,115,13,2025-07-21,2,9237.08,0.1,16626.74
758,115,64,2025-07-21,1,243.95,0.0,243.95
759,211,96,2025-03-03,2,463.77,0.0,927.54
759,211,16,2025-03-03,2,15771.29,0.0,31542.58
760,390,13,2024-03-17,3,9237.08,0.15,23554.55
760,390,94,2024-03-17,1,5672.67,0.0,5672.67
760,390,100,2024-03-17,1,900.0,0.0,900.0
761,305,30,2025-05-14,4,2686.64,0.1,9671.9
761,305,22,2025-05-14,1,7167.91,0.0,7167.91
762,89,35,2024-04-10,2,1209.61,0.0,2419.22
762,89,37,2024-04-10,1,4824.48,0.0,4824.48
763,349,10,2024-10-08,1,5376.54,0.0,5376.54
763,349,66,2024-10-08,1,61292.01,0.1,55162.81
764,66,11,2025-11-08,1,3802.29,0.0,3802.29
764,66,22,2025-11-08,1,7167.91,0.0,7167.91
765,369,19,2025-05-10,1,3171.34,0.0,3171.34
765,369,36,2025-05-10,1,3009.89,0.05,2859.4
766,275,5,2024-12-25,2,60993.48,0.0,121986.96
766,275,13,2024-12-25,1,9237.08,0.1,8313.37
767,232,73,2024-05-29,2,18192.18,0.0,36384.36
767,232,74,2024-05-29,2,18924.35,0.0,37848.7
768,155,20,2025-10-22,1,39805.25,0.0,39805.25
768,155,7,2025-10-22,2,8976.08,0.0,17952.16
769,319,18,2024-07-30,1,4738.87,0.1,4264.98
769,319,2,2024-07-30,1,826.86,0.0,826.86
770,159,22,2025-10-23,2,7167.91,0.05,13619.03
770,159,25,2025-10-23,1,3640.01,0.0,3640.01
771,180,18,2025-09-03,1,4738.87,0.0,4738.87
771,180,19,2025-09-03,1,3171.34,0.05,3012.77
772,147,16,2024-09-25,2,15771.29,0.1,28388.32
772,147,55,2024-09-25,1,2939.43,0.0,2939.43
773,159,77,2024-07-06,1,5779.62,0.1,5201.66
773,159,45,2024-07-06,1,6157.34,0.0,6157.34
774,340,43,2024-04-15,2,1821.71,0.05,3461.25
774,340,86,2024-04-15,1,4437.73,0.05,4215.84
775,151,33,2024-05-20,1,936.96,0.1,843.26
775,151,27,2024-05-20,1,1635.87,0.05,1554.08
776,280,29,2024-09-22,1,1442.48,0.0,1442.48
776,280,78,2024-09-22,3,1010.49,0.0,3031.47
777,57,17,2025-04-25,1,6664.68,0.0,6664.68
777,57,92,2025-04-25,1,2248.85,0.0,2248.85
778,95,33,2024-05-27,3,936.96,0.1,2529.79
778,95,24,2024-05-27,1,17126.14,0.0,17126.14
779,20,12,2025-11-20,3,2459.4,0.1,6640.38
779,20,20,2025-11-20,1,39805.25,0.0,39805.25
780,103,23,2025-05-18,2,18396.69,0.0,36793.38
780,103,77,2025-05-18,2,5779.62,0.1,10403.32
781,222,88,2024-06-14,1,3075.5,0.05,2921.72
781,222,8,2024-06-14,2,19432.89,0.05,36922.49
782,310,40,2024-12-12,1,2396.49,0.1,2156.84
782,310,22,2024-12-12,2,7167.91,0.0,14335.82
783,146,77,2025-06-27,3,5779.62,0.0,17338.86
783,146,84,2025-06-27,1,4875.5,0.0,4875.5
784,141,19,2025-01-05,3,3171.34,0.05,9038.32
784,141,40,2025-01-05,1,2396.49,0.1,2156.84
785,168,25,2025-06-16,1,3640.01,0.0,3640.01
785,168,41,2025-06-16,1,4280.17,0.0,4280.17
786,111,75,2024-01-28,3,44807.59,0.1,120980.49
786,111,74,2024-01-28,1,18924.35,0.0,18924.35
787,51,90,2025-07-31,1,16104.16,0.0,16104.16
787,51,3,2025-07-31,2,2625.01,0.05,4987.52
788,141,83,2024-01-12,1,4742.53,0.0,4742.53
788,141,10,2024-01-12,2,5376.54,0.0,10753.08
789,383,73,2024-08-03,1,18192.18,0.0,18192.18
789,383,95,2024-08-03,1,180.47,0.0,180.47
790,89,51,2024-03-14,1,5418.07,0.1,4876.26
790,89,67,2024-03-14,1,5275.46,0.0,5275.46
791,111,23,2025-02-13,1,18396.69,0.05,17476.86
791,111,18,2025-02-13,1,4738.87,0.1,4264.98
792,295,31,2025-03-16,1,1205.75,0.05,1145.46
792,295,100,2025-03-16,1,900.0,0.15,765.0
793,118,73,2024-08-08,1,18192.18,0.0,18192.18
793,118,18,2024-08-08,2,4738.87,0.05,9003.85
794,238,89,2024-02-20,2,3390.34,0.0,6780.68
794,238,52,2024-02-20,1,2782.22,0.1,2504.0
795,327,58,2025-02-10,2,390.71,0.0,781.42
795,327,42,2025-02-10,3,3526.42,0.1,9521.33
796,5,19,2024-06-08,2,3171.34,0.0,6342.68
796,5,19,2024-06-08,1,3171.34,0.05,3012.77
797,8,87,2024-09-10,1,2175.83,0.0,2175.83
797,8,73,2024-09-10,3,18192.18,0.0,54576.54
798,95,1,2024-06-16,1,57994.93,0.05,55095.18
798,95,34,2024-06-16,1,350.18,0.0,350.18
799,344,50,2024-04-08,1,4015.8,0.15,3413.43
799,344,74,2024-04-08,1,18924.35,0.05,17978.13
800,275,77,2024-04-05,1,5779.62,0.05,5490.64
800,275,26,2024-04-05,1,2072.72,0.05,1969.08
801,343,1,2025-09-12,2,57994.93,0.0,115989.86
801,343,10,2025-09-12,2,5376.54,0.0,10753.08
802,272,25,2024-08-18,2,3640.01,0.05,6916.02
802,272,12,2024-08-18,1,2459.4,0.0,2459.4
803,123,41,2024-04-01,2,4280.17,0.05,8132.32
803,123,100,2024-04-01,2,900.0,0.0,1800.0
804,233,86,2024-08-03,3,4437.73,0.0,13313.19
804,233,48,2024-08-03,2,6527.42,0.0,13054.84
805,310,65,2024-01-15,1,323.99,0.0,323.99
805,310,26,2024-01-15,2,2072.72,0.05,3938.17
806,176,23,2025-05-28,3,18396.69,0.05,52430.57
806,176,35,2025-05-28,2,1209.61,0.0,2419.22
807,278,11,2024-01-04,2,3802.29,0.0,7604.58
807,278,44,2024-01-04,1,1116.5,0.1,1004.85
808,79,66,2025-10-20,1,61292.01,0.05,58227.41
808,79,45,2025-10-20,1,6157.34,0.0,6157.34
809,133,72,2025-12-01,2,953.28,0.0,1906.56
809,133,66,2025-12-01,1,61292.01,0.0,61292.01
810,374,57,2025-10-12,1,485.43,0.0,485.43
810,374,49,2025-10-12,3,2551.99,0.0,7655.97
811,84,43,2024-12-12,3,1821.71,0.1,4918.62
811,84,23,2024-12-12,2,18396.69,0.0,36793.38
812,123,44,2024-07-15,1,1116.5,0.05,1060.67
812,123,93,2024-07-15,1,649.37,0.0,649.37
813,6,21,2024-12-10,2,4472.7,0.0,8945.4
813,6,10,2024-12-10,2,5376.54,0.0,10753.08
814,294,7,2025-01-20,1,8976.08,0.15,7629.67
814,294,92,2025-01-20,4,2248.85,0.0,8995.4
815,272,100,2024-10-08,1,900.0,0.0,900.0
815,272,4,2024-10-08,1,6232.39,0.1,5609.15
816,188,84,2025-05-25,1,4875.5,0.0,4875.5
816,188,41,2025-05-25,1,4280.17,0.05,4066.16
817,28,83,2025-12-02,1,4742.53,0.0,4742.53
817,28,77,2025-12-02,1,5779.62,0.0,5779.62
818,168,71,2025-09-26,1,7406.14,0.0,7406.14
818,168,65,2025-09-26,2,323.99,0.1,583.18
819,360,70,2025-03-30,1,7231.23,0.0,7231.23
819,360,49,2025-03-30,2,2551.99,0.0,5103.98
820,236,65,2024-03-09,3,323.99,0.15,826.17
820,236,31,2024-03-09,1,1205.75,0.0,1205.75
821,332,22,2024-01-30,1,7167.91,0.0,7167.91
821,332,90,2024-01-30,2,16104.16,0.1,28987.49
822,152,73,2025-11-01,1,18192.18,0.1,16372.96
822,152,16,2025-11-01,1,15771.29,0.0,15771.29
823,352,13,2025-07-08,2,9237.08,0.0,18474.16
823,352,43,2025-07-08,1,1821.71,0.15,1548.45
824,145,13,2024-02-28,1,9237.08,0.05,8775.23
824,145,77,2024-02-28,2,5779.62,0.0,11559.24
825,332,71,2024-05-23,1,7406.14,0.1,6665.53
825,332,19,2024-05-23,2,3171.34,0.0,6342.68
826,397,79,2024-07-30,1,2782.17,0.05,2643.06
826,397,19,2024-07-30,1,3171.34,0.0,3171.34
827,139,90,2024-01-09,2,16104.16,0.0,32208.32
827,139,23,2024-01-09,1,18396.69,0.0,18396.69
828,135,66,2025-12-13,1,61292.01,0.05,58227.41
828,135,82,2025-12-13,1,1221.96,0.0,1221.96
829,113,11,2025-04-10,1,3802.29,0.0,3802.29
829,113,77,2025-04-10,1,5779.62,0.0,5779.62
830,38,82,2025-10-20,1,1221.96,0.0,1221.96
830,38,73,2025-10-20,2,18192.18,0.0,36384.36
831,298,91,2025-08-05,2,11426.26,0.0,22852.52
831,298,72,2025-08-05,1,953.28,0.05,905.62
832,113,33,2025-01-08,2,936.96,0.1,1686.53
832,113,21,2025-01-08,3,4472.7,0.0,13418.1
833,199,74,2025-04-27,3,18924.35,0.05,53934.4
833,199,1,2025-04-27,1,57994.93,0.1,52195.44
834,285,16,2024-04-15,1,15771.29,0.15,13405.6
834,285,18,2024-04-15,1,4738.87,0.05,4501.93
835,213,76,2024-01-08,1,7357.75,0.05,6989.86
835,213,41,2024-01-08,2,4280.17,0.1,7704.31
836,310,76,2025-11-27,2,7357.75,0.0,14715.5
836,310,9,2025-11-27,2,24309.59,0.05,46188.22
837,185,65,2024-11-16,1,323.99,0.0,323.99
837,185,20,2024-11-16,2,39805.25,0.0,79610.5
838,225,95,2025-02-15,1,180.47,0.0,180.47
838,225,76,2025-02-15,1,7357.75,0.15,6254.09
839,110,27,2025-03-23,1,1635.87,0.05,1554.08
839,110,4,2025-03-23,1,6232.39,0.0,6232.39
840,274,73,2025-06-17,1,18192.18,0.05,17282.57
840,274,41,2025-06-17,1,4280.17,0.15,3638.14
841,315,23,2025-07-05,1,18396.69,0.05,17476.86
841,315,75,2025-07-05,1,44807.59,0.0,44807.59
842,236,19,2025-07-05,1,3171.34,0.1,2854.21
842,236,83,2025-07-05,2,4742.53,0.1,8536.55
843,349,85,2024-06-22,1,460.42,0.0,460.42
843,349,34,2024-06-22,1,350.18,0.1,315.16
844,123,54,2024-10-13,1,2049.82,0.0,2049.82
844,123,17,2024-10-13,1,6664.68,0.05,6331.45
845,29,87,2025-05-25,1,2175.83,0.0,2175.83
845,29,23,2025-05-25,1,18396.69,0.15,15637.19
846,124,69,2024-04-08,2,9360.74,0.0,18721.48
846,124,74,2024-04-08,1,18924.35,0.05,17978.13
847,400,19,2024-11-19,2,3171.34,0.0,6342.68
847,400,70,2024-11-19,2,7231.23,0.05,13739.34
848,62,43,2024-08-12,1,1821.71,0.0,1821.71
848,62,92,2024-08-12,3,2248.85,0.0,6746.55
849,268,88,2024-09-11,2,3075.5,0.0,6151.0
849,268,9,2024-09-11,1,24309.59,0.0,24309.59
850,335,78,2024-10-08,1,1010.49,0.0,1010.49
850,335,79,2024-10-08,4,2782.17,0.1,10015.81
851,35,74,2024-04-02,1,18924.35,0.05,17978.13
851,35,90,2024-04-02,2,16104.16,0.0,32208.32
852,200,2,2025-02-07,3,826.86,0.0,2480.58
852,200,84,2025-02-07,2,4875.5,0.1,8775.9
853,340,19,2024-12-13,1,3171.34,0.05,3012.77
853,340,40,2024-12-13,1,2396.49,0.0,2396.49
854,366,24,2024-06-02,1,17126.14,0.0,17126.14
854,366,17,2024-06-02,1,6664.68,0.0,6664.68
855,227,45,2024-03-12,3,6157.34,0.0,18472.02
855,227,50,2024-03-12,1,4015.8,0.05,3815.01
856,391,20,2025-01-17,2,39805.25,0.0,79610.5
856,391,65,2025-01-17,2,323.99,0.0,647.98
857,25,14,2024-06-26,1,6842.78,0.0,6842.78
857,25,23,2024-06-26,1,18396.69,0.15,15637.19
858,73,4,2024-09-13,4,6232.39,0.1,22436.6
858,73,16,2024-09-13,1,15771.29,0.05,14982.73
858,73,12,2024-09-13,1,2459.4,0.0,2459.4
859,316,36,2025-10-04,1,3009.89,0.05,2859.4
859,316,76,2025-10-04,1,7357.75,0.0,7357.75
860,152,97,2024-10-21,1,170.13,0.1,153.12
860,152,13,2024-10-21,1,9237.08,0.1,8313.37
861,149,72,2024-04-12,2,953.28,0.0,1906.56
861,149,41,2024-04-12,3,4280.17,0.05,12198.48
862,392,86,2024-03-20,1,4437.73,0.0,4437.73
862,392,89,2024-03-20,1,3390.34,0.0,3390.34
863,17,18,2024-05-23,3,4738.87,0.0,14216.61
863,17,21,2024-05-23,1,4472.7,0.1,4025.43
864,68,29,2025-02-18,2,1442.48,0.05,2740.71
864,68,63,2025-02-18,3,955.49,0.1,2579.82
865,188,75,2024-08-24,1,44807.59,0.1,40326.83
865,188,82,2024-08-24,4,1221.96,0.0,4887.84
866,171,55,2025-11-08,2,2939.43,0.0,5878.86
866,171,51,2025-11-08,1,5418.07,0.1,4876.26
867,210,7,2025-10-17,1,8976.08,0.05,8527.28
867,210,25,2025-10-17,1,3640.01,0.0,3640.01
868,242,18,2024-07-29,1,4738.87,0.0,4738.87
868,242,94,2024-07-29,1,5672.67,0.1,5105.4
869,78,35,2024-04-30,1,1209.61,0.1,1088.65
869,78,25,2024-04-30,4,3640.01,0.1,13104.04
870,168,24,2025-01-13,1,17126.14,0.05,16269.83
870,168,21,2025-01-13,1,4472.7,0.1,4025.43
871,85,41,2024-12-17,1,4280.17,0.0,4280.17
871,85,16,2024-12-17,1,15771.29,0.0,15771.29
872,347,18,2024-08-03,2,4738.87,0.0,9477.74
872,347,24,2024-08-03,3,17126.14,0.0,51378.42
873,260,39,2024-09-23,2,6013.69,0.05,11426.01
873,260,83,2024-09-23,2,4742.53,0.0,9485.06
874,117,22,2024-07-12,1,7167.91,0.0,7167.91
874,117,24,2024-07-12,2,17126.14,0.05,32539.67
875,14,21,2024-06-07,1,4472.7,0.0,4472.7
875,14,49,2024-06-07,1,2551.99,0.0,2551.99
876,60,64,2024-02-15,1,243.95,0.1,219.56
876,60,21,2024-02-15,1,4472.7,0.05,4249.06
877,348,25,2025-01-21,2,3640.01,0.05,6916.02
877,348,57,2025-01-21,3,485.43,0.0,1456.29
878,226,89,2024-12-30,2,3390.34,0.0,6780.68
878,226,7,2024-12-30,1,8976.08,0.0,8976.08
879,3,65,2024-12-06,2,323.99,0.0,647.98
879,3,48,2024-12-06,1,6527.42,0.0,6527.42
880,137,39,2024-05-27,1,6013.69,0.0,6013.69
880,137,85,2024-05-27,1,460.42,0.0,460.42
881,373,17,2025-01-17,3,6664.68,0.0,19994.04
881,373,5,2025-01-17,3,60993.48,0.1,164682.4
882,190,20,2025-06-24,1,39805.25,0.05,37814.99
882,190,43,2025-06-24,1,1821.71,0.05,1730.62
883,72,19,2024-11-07,1,3171.34,0.1,2854.21
883,72,4,2024-11-07,2,6232.39,0.0,12464.78
884,255,70,2024-12-20,1,7231.23,0.0,7231.23
884,255,51,2024-12-20,1,5418.07,0.1,4876.26
885,316,18,2025-12-27,3,4738.87,0.05,13505.78
885,316,43,2025-12-27,1,1821.71,0.05,1730.62
886,229,22,2024-07-03,1,7167.91,0.0,7167.91
886,229,12,2024-07-03,1,2459.4,0.05,2336.43
887,264,76,2025-06-09,1,7357.75,0.05,6989.86
887,264,90,2025-06-09,3,16104.16,0.1,43481.23
888,190,13,2024-07-29,2,9237.08,0.0,18474.16
888,190,19,2024-07-29,1,3171.34,0.1,2854.21
889,86,13,2025-10-20,2,9237.08,0.15,15703.04
889,86,83,2025-10-20,3,4742.53,0.0,14227.59
890,120,20,2024-08-23,1,39805.25,0.0,39805.25
890,120,10,2024-08-23,1,5376.54,0.0,5376.54
891,259,63,2025-04-28,2,955.49,0.1,1719.88
891,259,70,2025-04-28,2,7231.23,0.1,13016.21
892,123,16,2024-10-24,2,15771.29,0.0,31542.58
892,123,8,2024-10-24,2,19432.89,0.0,38865.78
893,207,43,2025-11-15,1,1821.71,0.05,1730.62
893,207,66,2025-11-15,1,61292.01,0.05,58227.41
894,201,35,2024-01-27,1,1209.61,0.0,1209.61
894,201,3,2024-01-27,3,2625.01,0.0,7875.03
895,206,5,2024-03-06,1,60993.48,0.0,60993.48
895,206,36,2024-03-06,3,3009.89,0.15,7675.22
896,187,25,2025-03-13,1,3640.01,0.0,3640.01
896,187,34,2025-03-13,3,350.18,0.0,1050.54
897,144,70,2024-04-07,3,7231.23,0.0,21693.69
897,144,23,2024-04-07,1,18396.69,0.0,18396.69
898,233,42,2024-05-16,2,3526.42,0.0,7052.84
898,233,71,2024-05-16,2,7406.14,0.05,14071.67
899,303,6,2025-01-03,2,9075.76,0.0,18151.52
899,303,11,2025-01-03,2,3802.29,0.0,7604.58
900,46,75,2024-04-05,1,44807.59,0.0,44807.59
900,46,21,2024-04-05,1,4472.7,0.1,4025.43
901,98,58,2024-06-25,1,390.71,0.1,351.64
901,98,30,2024-06-25,2,2686.64,0.0,5373.28
902,52,21,2024-03-30,1,4472.7,0.05,4249.06
902,52,97,2024-03-30,2,170.13,0.1,306.23
903,154,24,2024-01-26,2,17126.14,0.0,34252.28
903,154,85,2024-01-26,1,460.42,0.1,414.38
904,113,21,2025-11-29,1,4472.7,0.0,4472.7
904,113,95,2025-11-29,1,180.47,0.0,180.47
905,185,19,2024-07-18,2,3171.34,0.0,6342.68
905,185,83,2024-07-18,4,4742.53,0.0,18970.12
906,44,43,2025-08-28,2,1821.71,0.0,3643.42
906,44,87,2025-08-28,1,2175.83,0.05,2067.04
907,29,18,2025-01-22,1,4738.87,0.05,4501.93
907,29,21,2025-01-22,1,4472.7,0.0,4472.7
908,122,16,2024-04-28,1,15771.29,0.0,15771.29
908,122,72,2024-04-28,1,953.28,0.0,953.28
909,153,62,2025-04-04,3,1567.17,0.0,4701.51
909,153,72,2025-04-04,1,953.28,0.0,953.28
910,286,50,2025-06-11,1,4015.8,0.05,3815.01
910,286,79,2025-06-11,1,2782.17,0.1,2503.95
911,46,17,2024-04-28,1,6664.68,0.05,6331.45
911,46,75,2024-04-28,1,44807.59,0.05,42567.21
912,175,38,2025-08-30,2,5067.49,0.1,9121.48
912,175,5,2025-08-30,1,60993.48,0.0,60993.48
913,62,71,2025-07-01,2,7406.14,0.0,14812.28
913,62,87,2025-07-01,1,2175.83,0.0,2175.83
914,116,77,2024-01-25,2,5779.62,0.05,10981.28
914,116,24,2024-01-25,1,17126.14,0.0,17126.14
915,263,75,2025-09-18,1,44807.59,0.1,40326.83
915,263,15,2025-09-18,1,3589.44,0.1,3230.5
916,96,84,2024-07-16,2,4875.5,0.0,9751.0
916,96,94,2024-07-16,4,5672.67,0.05,21556.15
917,157,81,2025-05-13,1,631.53,0.0,631.53
917,157,13,2025-05-13,1,9237.08,0.0,9237.08
918,184,73,2025-05-29,2,18192.18,0.05,34565.14
918,184,24,2025-05-29,2,17126.14,0.0,34252.28
919,139,86,2024-06-03,4,4437.73,0.05,16863.37
919,139,66,2024-06-03,1,61292.01,0.0,61292.01
920,320,40,2024-08-03,1,2396.49,0.0,2396.49
920,320,67,2024-08-03,1,5275.46,0.1,4747.91
921,117,21,2025-03-14,1,4472.7,0.0,4472.7
921,117,16,2025-03-14,1,15771.29,0.0,15771.29
922,249,2,2025-04-09,2,826.86,0.1,1488.35
922,249,81,2025-04-09,2,631.53,0.0,1263.06
923,329,82,2024-05-01,1,1221.96,0.0,1221.96
923,329,15,2024-05-01,1,3589.44,0.1,3230.5
924,299,22,2024-11-06,1,7167.91,0.1,6451.12
924,299,81,2024-11-06,2,631.53,0.0,1263.06
925,343,94,2025-08-16,1,5672.67,0.1,5105.4
925,343,8,2025-08-16,1,19432.89,0.0,19432.89
926,67,75,2025-08-22,4,44807.59,0.1,161307.32
926,67,21,2025-08-22,1,4472.7,0.0,4472.7
927,39,21,2025-07-29,1,4472.7,0.1,4025.43
927,39,21,2025-07-29,1,4472.7,0.1,4025.43
928,353,48,2024-02-23,1,6527.42,0.0,6527.42
928,353,74,2024-02-23,2,18924.35,0.0,37848.7
929,345,40,2024-04-09,4,2396.49,0.15,8148.07
929,345,84,2024-04-09,1,4875.5,0.15,4144.18
930,69,4,2024-07-23,2,6232.39,0.0,12464.78
930,69,85,2024-07-23,1,460.42,0.0,460.42
931,122,73,2025-06-21,1,18192.18,0.05,17282.57
931,122,27,2025-06-21,3,1635.87,0.0,4907.61
931,122,67,2025-06-21,3,5275.46,0.1,14243.74
932,307,33,2025-11-17,1,936.96,0.1,843.26
932,307,36,2025-11-17,3,3009.89,0.0,9029.67
933,326,20,2025-06-10,2,39805.25,0.1,71649.45
933,326,87,2025-06-10,1,2175.83,0.0,2175.83
934,10,67,2024-02-19,2,5275.46,0.05,10023.37
934,10,23,2024-02-19,1,18396.69,0.0,18396.69
935,40,19,2024-06-08,1,3171.34,0.0,3171.34
935,40,4,2024-06-08,1,6232.39,0.1,5609.15
936,203,77,2024-05-17,2,5779.62,0.05,10981.28
936,203,63,2024-05-17,1,955.49,0.0,955.49
937,81,86,2025-08-25,3,4437.73,0.05,12647.53
937,81,77,2025-08-25,1,5779.62,0.0,5779.62
938,5,21,2024-09-08,1,4472.7,0.05,4249.06
938,5,13,2024-09-08,1,9237.08,0.0,9237.08
939,140,14,2024-01-13,2,6842.78,0.1,12317.0
939,140,72,2024-01-13,1,953.28,0.0,953.28
940,225,41,2024-10-08,3,4280.17,0.0,12840.51
940,225,75,2024-10-08,1,44807.59,0.05,42567.21
940,225,10,2024-10-08,1,5376.54,0.05,5107.71
941,341,27,2024-03-07,2,1635.87,0.15,2780.98
941,341,2,2024-03-07,1,826.86,0.1,744.17
942,16,100,2025-10-03,1,900.0,0.05,855.0
942,16,53,2025-10-03,1,651.44,0.0,651.44
943,233,82,2025-03-10,2,1221.96,0.05,2321.72
943,233,21,2025-03-10,2,4472.7,0.0,8945.4
944,353,23,2025-05-17,1,18396.69,0.05,17476.86
944,353,53,2025-05-17,1,651.44,0.05,618.87
945,392,76,2024-08-08,2,7357.75,0.05,13979.72
945,392,87,2024-08-08,1,2175.83,0.1,1958.25
946,238,100,2024-08-29,1,900.0,0.0,900.0
946,238,56,2024-08-29,1,388.93,0.0,388.93
947,390,16,2024-11-25,4,15771.29,0.0,63085.16
947,390,83,2024-11-25,2,4742.53,0.0,9485.06
948,363,15,2024-01-09,1,3589.44,0.0,3589.44
948,363,9,2024-01-09,3,24309.59,0.1,65635.89
949,206,66,2025-10-09,1,61292.01,0.1,55162.81
949,206,20,2025-10-09,1,39805.25,0.0,39805.25
950,251,32,2024-01-30,1,632.49,0.1,569.24
950,251,22,2024-01-30,2,7167.91,0.1,12902.24
951,302,28,2025-12-29,2,3566.76,0.1,6420.17
951,302,85,2025-12-29,1,460.42,0.1,414.38
952,6,41,2024-04-13,1,4280.17,0.0,4280.17
952,6,95,2024-04-13,1,180.47,0.0,180.47
953,195,58,2024-02-23,1,390.71,0.0,390.71
953,195,39,2024-02-23,1,6013.69,0.0,6013.69
954,247,73,2025-09-10,2,18192.18,0.0,36384.36
954,247,24,2025-09-10,2,17126.14,0.0,34252.28
955,385,22,2025-03-28,1,7167.91,0.0,7167.91
955,385,25,2025-03-28,2,3640.01,0.05,6916.02
956,312,76,2024-05-12,2,7357.75,0.0,14715.5
956,312,100,2024-05-12,1,900.0,0.0,900.0
957,117,39,2025-08-04,1,6013.69,0.1,5412.32
957,117,84,2025-08-04,3,4875.5,0.0,14626.5
958,39,18,2024-07-02,2,4738.87,0.0,9477.74
958,39,18,2024-07-02,1,4738.87,0.0,4738.87
959,110,75,2025-03-24,1,44807.59,0.05,42567.21
959,110,5,2025-03-24,1,60993.48,0.1,54894.13
960,232,22,2025-12-05,1,7167.91,0.05,6809.51
960,232,35,2025-12-05,1,1209.61,0.05,1149.13
961,340,37,2024-08-15,1,4824.48,0.0,4824.48
961,340,18,2024-08-15,1,4738.87,0.1,4264.98
962,235,81,2024-10-21,2,631.53,0.0,1263.06
962,235,35,2024-10-21,1,1209.61,0.1,1088.65
963,72,25,2025-06-01,2,3640.01,0.0,7280.02
963,72,74,2025-06-01,1,18924.35,0.05,17978.13
964,107,31,2024-06-25,1,1205.75,0.1,1085.17
964,107,16,2024-06-25,2,15771.29,0.0,31542.58
965,292,70,2025-01-26,3,7231.23,0.1,19524.32
965,292,83,2025-01-26,2,4742.53,0.0,9485.06
965,292,59,2025-01-26,1,405.25,0.05,384.99
966,186,14,2024-11-25,2,6842.78,0.1,12317.0
966,186,85,2024-11-25,4,460.42,0.0,1841.68
967,17,58,2025-09-26,1,390.71,0.0,390.71
967,17,73,2025-09-26,2,18192.18,0.0,36384.36
968,31,73,2024-11-14,1,18192.18,0.0,18192.18
968,31,74,2024-11-14,1,18924.35,0.0,18924.35
969,137,56,2024-01-03,1,388.93,0.0,388.93
969,137,45,2024-01-03,1,6157.34,0.05,5849.47
970,400,70,2024-07-13,1,7231.23,0.0,7231.23
970,400,51,2024-07-13,1,5418.07,0.0,5418.07
971,332,100,2024-04-05,1,900.0,0.05,855.0
971,332,23,2024-04-05,2,18396.69,0.0,36793.38
972,143,15,2025-02-09,1,3589.44,0.0,3589.44
972,143,5,2025-02-09,1,60993.48,0.05,57943.81
973,158,24,2024-08-30,3,17126.14,0.0,51378.42
973,158,9,2024-08-30,1,24309.59,0.05,23094.11
974,293,1,2024-09-14,4,57994.93,0.0,231979.72
974,293,18,2024-09-14,1,4738.87,0.1,4264.98
975,236,21,2024-04-11,2,4472.7,0.0,8945.4
975,236,67,2024-04-11,1,5275.46,0.0,5275.46
976,111,22,2024-05-11,1,7167.91,0.05,6809.51
976,111,24,2024-05-11,1,17126.14,0.0,17126.14
977,393,41,2024-06-17,1,4280.17,0.0,4280.17
977,393,11,2024-06-17,2,3802.29,0.05,7224.35
978,16,83,2024-07-13,1,4742.53,0.0,4742.53
978,16,62,2024-07-13,2,1567.17,0.0,3134.34
979,205,96,2024-08-23,2,463.77,0.1,834.79
979,205,63,2024-08-23,1,955.49,0.05,907.72
980,48,73,2025-11-04,1,18192.18,0.0,18192.18
980,48,11,2025-11-04,1,3802.29,0.1,3422.06
981,150,24,2025-05-26,1,17126.14,0.05,16269.83
981,150,74,2025-05-26,2,18924.35,0.0,37848.7
982,153,17,2025-09-26,1,6664.68,0.05,6331.45
982,153,76,2025-09-26,2,7357.75,0.0,14715.5
983,366,74,2025-04-30,2,18924.35,0.0,37848.7
983,366,77,2025-04-30,1,5779.62,0.1,5201.66
984,104,10,2024-02-14,3,5376.54,0.05,15323.14
984,104,37,2024-02-14,1,4824.48,0.0,4824.48
985,213,70,2024-11-07,1,7231.23,0.15,6146.55
985,213,64,2024-11-07,1,243.95,0.15,207.36
986,168,70,2024-08-25,1,7231.23,0.05,6869.67
986,168,24,2024-08-25,3,17126.14,0.1,46240.58
987,162,53,2025-12-15,1,651.44,0.0,651.44
987,162,7,2025-12-15,4,8976.08,0.05,34109.1
988,232,14,2025-05-15,1,6842.78,0.0,6842.78
988,232,62,2025-05-15,1,1567.17,0.15,1332.09
989,372,41,2025-04-03,2,4280.17,0.1,7704.31
989,372,4,2025-04-03,1,6232.39,0.05,5920.77
990,208,51,2025-04-01,2,5418.07,0.0,10836.14
990,208,16,2025-04-01,4,15771.29,0.0,63085.16
991,117,72,2025-07-20,1,953.28,0.0,953.28
991,117,18,2025-07-20,1,4738.87,0.0,4738.87
992,148,99,2025-10-28,1,920.31,0.0,920.31
992,148,20,2025-10-28,1,39805.25,0.05,37814.99
993,397,5,2025-08-07,2,60993.48,0.05,115887.61
993,397,19,2025-08-07,3,3171.34,0.1,8562.62
994,122,59,2025-12-16,1,405.25,0.15,344.46
994,122,50,2025-12-16,4,4015.8,0.0,16063.2
995,363,74,2024-02-03,2,18924.35,0.0,37848.7
995,363,77,2024-02-03,1,5779.62,0.1,5201.66
996,329,23,2024-03-06,1,18396.69,0.0,18396.69
996,329,18,2024-03-06,2,4738.87,0.0,9477.74
997,353,71,2025-12-17,1,7406.14,0.0,7406.14
997,353,80,2025-12-17,1,298.04,0.1,268.24
998,170,4,2025-07-17,1,6232.39,0.0,6232.39
998,170,80,2025-07-17,2,298.04,0.0,596.08
999,65,19,2025-10-05,1,3171.34,0.05,3012.77
999,65,72,2025-10-05,2,953.28,0.1,1715.9
999,65,63,2025-10-05,1,955.49,0.1,859.94
1000,335,50,2025-08-31,1,4015.8,0.0,4015.8
1000,335,20,2025-08-31,1,39805.25,0.0,39805.25
1001,306,24,2025-12-15,1,17126.14,0.0,17126.14
1001,306,47,2025-12-15,4,3130.36,0.0,12521.44
1002,185,55,2025-04-17,2,2939.43,0.05,5584.92
1002,185,73,2025-04-17,2,18192.18,0.0,36384.36
1002,185,69,2025-04-17,2,9360.74,0.0,18721.48
1003,49,39,2024-07-13,1,6013.69,0.1,5412.32
1003,49,44,2024-07-13,1,1116.5,0.1,1004.85
1004,164,22,2024-08-08,1,7167.91,0.0,7167.91
1004,164,53,2024-08-08,1,651.44,0.0,651.44
1005,153,80,2025-12-31,1,298.04,0.0,298.04
1005,153,38,2025-12-31,1,5067.49,0.1,4560.74
1006,20,77,2024-11-23,1,5779.62,0.05,5490.64
1006,20,22,2024-11-23,1,7167.91,0.0,7167.91
1007,302,12,2025-12-15,1,2459.4,0.1,2213.46
1007,302,20,2025-12-15,2,39805.25,0.1,71649.45
1008,28,3,2024-09-16,2,2625.01,0.0,5250.02
1008,28,41,2024-09-16,1,4280.17,0.0,4280.17
1009,396,23,2025-09-02,1,18396.69,0.1,16557.02
1009,396,59,2025-09-02,1,405.25,0.0,405.25
1010,248,72,2024-02-12,1,953.28,0.15,810.29
1010,248,58,2024-02-12,1,390.71,0.0,390.71
1011,166,18,2024-11-09,1,4738.87,0.1,4264.98
1011,166,66,2024-11-09,1,61292.01,0.0,61292.01
1012,219,40,2024-07-05,2,2396.49,0.0,4792.98
1012,219,92,2024-07-05,1,2248.85,0.0,2248.85
1013,299,12,2024-12-08,2,2459.4,0.0,4918.8
1013,299,45,2024-12-08,1,6157.34,0.0,6157.34
1014,82,16,2024-04-26,1,15771.29,0.05,14982.73
1014,82,23,2024-04-26,1,18396.69,0.1,16557.02
1015,391,76,2025-11-23,1,7357.75,0.05,6989.86
1015,391,52,2025-11-23,3,2782.22,0.0,8346.66
1016,310,70,2024-10-19,2,7231.23,0.0,14462.46
1016,310,68,2024-10-19,1,5460.65,0.05,5187.62
1017,183,13,2024-12-22,3,9237.08,0.1,24940.12
1017,183,59,2024-12-22,2,405.25,0.05,769.97
1018,143,69,2025-04-24,2,9360.74,0.0,18721.48
1018,143,37,2025-04-24,1,4824.48,0.0,4824.48
1018,143,5,2025-04-24,3,60993.48,0.0,182980.44
1019,211,15,2025-01-26,1,3589.44,0.05,3409.97
1019,211,23,2025-01-26,2,18396.69,0.1,33114.04
1020,134,76,2024-12-24,4,7357.75,0.0,29431.0
1020,134,38,2024-12-24,1,5067.49,0.05,4814.12
1021,311,47,2024-11-26,1,3130.36,0.0,3130.36
1021,311,78,2024-11-26,2,1010.49,0.05,1919.93
1022,26,27,2024-02-21,1,1635.87,0.05,1554.08
1022,26,74,2024-02-21,1,18924.35,0.1,17031.92
1023,19,36,2025-08-07,1,3009.89,0.0,3009.89
1023,19,72,2025-08-07,1,953.28,0.0,953.28
1024,292,24,2024-01-25,1,17126.14,0.0,17126.14
1024,292,72,2024-01-25,1,953.28,0.0,953.28
1025,175,73,2025-05-03,3,18192.18,0.1,49118.89
1025,175,16,2025-05-03,1,15771.29,0.1,14194.16
1026,358,55,2025-09-08,2,2939.43,0.1,5290.97
1026,358,71,2025-09-08,2,7406.14,0.0,14812.28
1027,20,16,2025-03-13,1,15771.29,0.0,15771.29
1027,20,60,2025-03-13,1,381.06,0.15,323.9
1028,76,1,2024-06-05,1,57994.93,0.0,57994.93
1028,76,57,2024-06-05,1,485.43,0.15,412.62
1029,164,76,2024-10-09,2,7357.75,0.0,14715.5
1029,164,10,2024-10-09,2,5376.54,0.05,10215.43
1030,47,52,2025-01-20,3,2782.22,0.0,8346.66
1030,47,20,2025-01-20,1,39805.25,0.0,39805.25
1031,111,57,2024-08-24,1,485.43,0.0,485.43
1031,111,13,2024-08-24,1,9237.08,0.0,9237.08
1032,40,3,2025-09-27,1,2625.01,0.0,2625.01
1032,40,5,2025-09-27,1,60993.48,0.0,60993.48
1033,298,100,2024-11-13,1,900.0,0.05,855.0
1033,298,81,2024-11-13,2,631.53,0.0,1263.06
1034,88,18,2024-04-13,1,4738.87,0.1,4264.98
1034,88,25,2024-04-13,2,3640.01,0.15,6188.02
1035,297,9,2024-03-10,2,24309.59,0.1,43757.26
1035,297,71,2024-03-10,1,7406.14,0.0,7406.14
1036,244,65,2024-12-04,3,323.99,0.1,874.77
1036,244,67,2024-12-04,2,5275.46,0.05,10023.37
1037,73,76,2024-11-15,3,7357.75,0.0,22073.25
1037,73,69,2024-11-15,2,9360.74,0.0,18721.48
1038,386,19,2024-10-18,2,3171.34,0.1,5708.41
1038,386,25,2024-10-18,3,3640.01,0.0,10920.03
1039,363,85,2025-04-05,2,460.42,0.05,874.8
1039,363,29,2025-04-05,1,1442.48,0.05,1370.36
1040,287,16,2024-07-09,1,15771.29,0.15,13405.6
1040,287,35,2024-07-09,1,1209.61,0.1,1088.65
1041,167,22,2024-10-23,1,7167.91,0.0,7167.91
1041,167,67,2024-10-23,2,5275.46,0.0,10550.92
1042,75,74,2024-06-15,1,18924.35,0.05,17978.13
1042,75,68,2024-06-15,2,5460.65,0.05,10375.23
1043,170,73,2024-10-21,1,18192.18,0.0,18192.18
1043,170,14,2024-10-21,2,6842.78,0.1,12317.0
1044,34,14,2024-08-28,4,6842.78,0.05,26002.56
1044,34,76,2024-08-28,1,7357.75,0.0,7357.75
1045,191,50,2025-06-19,1,4015.8,0.0,4015.8
1045,191,5,2025-06-19,3,60993.48,0.1,164682.4
1046,180,42,2025-01-19,1,3526.42,0.1,3173.78
1046,180,8,2025-01-19,1,19432.89,0.0,19432.89
1047,322,13,2025-05-21,1,9237.08,0.0,9237.08
1047,322,17,2025-05-21,2,6664.68,0.0,13329.36
1048,1,17,2024-09-05,3,6664.68,0.0,19994.04
1048,1,70,2024-09-05,2,7231.23,0.1,13016.21
1049,349,15,2025-07-05,1,3589.44,0.05,3409.97
1049,349,19,2025-07-05,2,3171.34,0.0,6342.68
1050,112,14,2024-06-28,3,6842.78,0.0,20528.34
1050,112,15,2024-06-28,1,3589.44,0.1,3230.5
1051,155,41,2025-05-10,2,4280.17,0.0,8560.34
1051,155,60,2025-05-10,2,381.06,0.05,724.01
1052,316,86,2024-03-05,1,4437.73,0.0,4437.73
1052,316,42,2024-03-05,2,3526.42,0.1,6347.56
1053,224,93,2024-07-01,2,649.37,0.0,1298.74
1053,224,62,2024-07-01,2,1567.17,0.0,3134.34
1054,396,28,2024-06-26,1,3566.76,0.0,3566.76
1054,396,42,2024-06-26,2,3526.42,0.15,5994.91
1055,7,6,2025-11-13,1,9075.76,0.05,8621.97
1055,7,95,2025-11-13,4,180.47,0.05,685.79
1056,100,79,2024-10-03,2,2782.17,0.05,5286.12
1056,100,32,2024-10-03,3,632.49,0.0,1897.47
1057,60,13,2024-12-06,1,9237.08,0.15,7851.52
1057,60,22,2024-12-06,1,7167.91,0.1,6451.12
1058,398,22,2025-08-06,1,7167.91,0.0,7167.91
1058,398,9,2025-08-06,1,24309.59,0.0,24309.59
1059,335,22,2025-07-31,1,7167.91,0.15,6092.72
1059,335,97,2025-07-31,2,170.13,0.1,306.23
1060,351,91,2024-04-02,1,11426.26,0.1,10283.63
1060,351,69,2024-04-02,1,9360.74,0.1,8424.67
1061,359,4,2025-02-14,3,6232.39,0.05,17762.31
1061,359,17,2025-02-14,1,6664.68,0.05,6331.45
1062,180,22,2025-01-09,1,7167.91,0.05,6809.51
1062,180,18,2025-01-09,1,4738.87,0.05,4501.93
1063,263,15,2025-11-07,2,3589.44,0.1,6460.99
1063,263,48,2025-11-07,1,6527.42,0.0,6527.42
1064,394,16,2024-08-15,3,15771.29,0.05,44948.18
1064,394,81,2024-08-15,1,631.53,0.1,568.38
1065,151,14,2025-12-01,2,6842.78,0.0,13685.56
1065,151,94,2025-12-01,1,5672.67,0.0,5672.67
1066,33,30,2025-03-05,1,2686.64,0.1,2417.98
1066,33,50,2025-03-05,1,4015.8,0.0,4015.8
1067,221,17,2025-03-25,1,6664.68,0.05,6331.45
1067,221,6,2025-03-25,1,9075.76,0.0,9075.76
1068,123,51,2024-03-29,2,5418.07,0.0,10836.14
1068,123,2,2024-03-29,1,826.86,0.1,744.17
1069,209,53,2024-08-01,3,651.44,0.05,1856.6
1069,209,44,2024-08-01,1,1116.5,0.05,1060.67
1070,322,40,2025-10-10,1,2396.49,0.0,2396.49
1070,322,39,2025-10-10,1,6013.69,0.1,5412.32
1071,260,22,2024-06-20,2,7167.91,0.0,14335.82
1071,260,25,2024-06-20,1,3640.01,0.1,3276.01
1072,325,49,2024-04-19,1,2551.99,0.0,2551.99
1072,325,65,2024-04-19,1,323.99,0.1,291.59
1073,99,16,2025-04-10,1,15771.29,0.0,15771.29
1073,99,38,2025-04-10,1,5067.49,0.0,5067.49
1074,246,97,2024-11-06,1,170.13,0.05,161.62
1074,246,97,2024-11-06,2,170.13,0.0,340.26
1075,269,14,2024-03-02,2,6842.78,0.05,13001.28
1075,269,69,2024-03-02,1,9360.74,0.0,9360.74
1076,325,23,2024-09-12,1,18396.69,0.0,18396.69
1076,325,77,2024-09-12,1,5779.62,0.05,5490.64
1077,176,22,2025-12-31,1,7167.91,0.0,7167.91
1077,176,69,2025-12-31,2,9360.74,0.1,16849.33
1078,381,9,2024-07-30,1,24309.59,0.1,21878.63
1078,381,1,2024-07-30,2,57994.93,0.1,104390.87
1079,311,17,2025-11-23,1,6664.68,0.05,6331.45
1079,311,75,2025-11-23,1,44807.59,0.15,38086.45
1080,370,5,2025-06-27,2,60993.48,0.0,121986.96
1080,370,66,2025-06-27,1,61292.01,0.1,55162.81
1081,312,75,2024-08-13,1,44807.59,0.0,44807.59
1081,312,13,2024-08-13,1,9237.08,0.0,9237.08
1082,122,24,2025-03-18,3,17126.14,0.0,51378.42
1082,122,14,2025-03-18,1,6842.78,0.0,6842.78
1083,73,77,2024-01-24,1,5779.62,0.05,5490.64
1083,73,24,2024-01-24,1,17126.14,0.05,16269.83
1084,248,91,2024-01-15,1,11426.26,0.05,10854.95
1084,248,14,2024-01-15,1,6842.78,0.0,6842.78
1085,395,4,2025-07-18,2,6232.39,0.0,12464.78
1085,395,8,2025-07-18,2,19432.89,0.05,36922.49
1086,307,37,2024-03-26,2,4824.48,0.05,9166.51
1086,307,25,2024-03-26,1,3640.01,0.1,3276.01
1087,36,25,2024-06-03,2,3640.01,0.15,6188.02
1087,36,52,2024-06-03,1,2782.22,0.0,2782.22
1088,386,83,2025-03-04,2,4742.53,0.05,9010.81
1088,386,41,2025-03-04,1,4280.17,0.0,4280.17
1089,194,68,2025-08-08,1,5460.65,0.05,5187.62
1089,194,76,2025-08-08,2,7357.75,0.1,13243.95
1090,298,60,2025-05-09,4,381.06,0.0,1524.24
1090,298,91,2025-05-09,4,11426.26,0.15,38849.28
1091,106,16,2024-08-25,1,15771.29,0.0,15771.29
1091,106,8,2024-08-25,1,19432.89,0.0,19432.89
1092,58,90,2024-08-01,1,16104.16,0.05,15298.95
1092,58,92,2024-08-01,4,2248.85,0.05,8545.63
1093,357,15,2024-12-07,1,3589.44,0.1,3230.5
1093,357,38,2024-12-07,3,5067.49,0.0,15202.47
1094,342,24,2024-07-13,1,17126.14,0.0,17126.14
1094,342,78,2024-07-13,3,1010.49,0.05,2879.9
1095,133,2,2025-03-19,1,826.86,0.0,826.86
1095,133,91,2025-03-19,1,11426.26,0.1,10283.63
1096,125,76,2024-06-16,2,7357.75,0.0,14715.5
1096,125,92,2024-06-16,2,2248.85,0.0,4497.7
1097,292,18,2024-12-06,1,4738.87,0.1,4264.98
1097,292,79,2024-12-06,1,2782.17,0.0,2782.17
1098,96,17,2025-07-31,2,6664.68,0.0,13329.36
1098,96,12,2025-07-31,1,2459.4,0.0,2459.4
1099,212,20,2024-07-02,3,39805.25,0.05,113444.96
1099,212,21,2024-07-02,1,4472.7,0.05,4249.06
1100,245,76,2024-12-14,2,7357.75,0.0,14715.5
1100,245,31,2024-12-14,1,1205.75,0.0,1205.75
1101,82,99,2024-09-18,1,920.31,0.0,920.31
1101,82,47,2024-09-18,1,3130.36,0.1,2817.32
1102,326,33,2025-11-05,1,936.96,0.1,843.26
1102,326,4,2025-11-05,2,6232.39,0.1,11218.3
1103,223,76,2024-10-13,2,7357.75,0.0,14715.5
1103,223,71,2024-10-13,1,7406.14,0.0,7406.14
1104,275,70,2024-08-16,3,7231.23,0.0,21693.69
1104,275,3,2024-08-16,3,2625.01,0.05,7481.28
1105,148,73,2024-05-30,2,18192.18,0.0,36384.36
1105,148,78,2024-05-30,1,1010.49,0.0,1010.49
1106,330,89,2024-12-09,1,3390.34,0.1,3051.31
1106,330,19,2024-12-09,1,3171.34,0.05,3012.77
1107,324,28,2025-11-11,1,3566.76,0.0,3566.76
1107,324,51,2025-11-11,1,5418.07,0.1,4876.26
1108,16,86,2025-04-10,1,4437.73,0.05,4215.84
1108,16,18,2025-04-10,1,4738.87,0.0,4738.87
1109,366,67,2025-11-26,1,5275.46,0.15,4484.14
1109,366,86,2025-11-26,3,4437.73,0.0,13313.19
1110,146,33,2024-03-21,1,936.96,0.15,796.42
1110,146,22,2024-03-21,1,7167.91,0.1,6451.12
1111,266,23,2024-12-25,2,18396.69,0.1,33114.04
1111,266,21,2024-12-25,1,4472.7,0.0,4472.7
1112,347,86,2025-06-13,1,4437.73,0.1,3993.96
1112,347,18,2025-06-13,1,4738.87,0.1,4264.98
1113,234,81,2024-07-27,1,631.53,0.0,631.53
1113,234,100,2024-07-27,2,900.0,0.0,1800.0
1114,290,13,2024-02-24,1,9237.08,0.05,8775.23
1114,290,26,2024-02-24,1,2072.72,0.0,2072.72
1115,273,20,2024-08-17,2,39805.25,0.0,79610.5
1115,273,19,2024-08-17,3,3171.34,0.05,9038.32
1116,89,4,2025-11-22,1,6232.39,0.0,6232.39
1116,89,74,2025-11-22,2,18924.35,0.05,35956.26
1117,288,18,2025-07-13,3,4738.87,0.1,12794.95
1117,288,40,2025-07-13,1,2396.49,0.1,2156.84
1118,199,35,2024-05-02,2,1209.61,0.1,2177.3
1118,199,20,2024-05-02,2,39805.25,0.05,75629.97
1119,264,9,2025-12-07,2,24309.59,0.0,48619.18
1119,264,72,2025-12-07,1,953.28,0.0,953.28
1120,341,24,2025-11-05,1,17126.14,0.0,17126.14
1120,341,61,2025-11-05,3,205.61,0.05,585.99
1121,159,97,2024-12-22,1,170.13,0.0,170.13
1121,159,8,2024-12-22,1,19432.89,0.0,19432.89
1122,153,23,2024-06-24,1,18396.69,0.0,18396.69
1122,153,25,2024-06-24,1,3640.01,0.1,3276.01
1123,17,18,2025-06-05,2,4738.87,0.1,8529.97
1123,17,30,2025-06-05,1,2686.64,0.0,2686.64
1124,63,48,2024-11-19,4,6527.42,0.1,23498.71
1124,63,98,2024-11-19,1,4132.36,0.0,4132.36
1125,154,1,2025-04-24,3,57994.93,0.0,173984.79
1125,154,21,2025-04-24,1,4472.7,0.1,4025.43
1126,351,80,2024-05-14,1,298.04,0.0,298.04
1126,351,58,2024-05-14,1,390.71,0.05,371.17
1127,288,76,2024-05-20,2,7357.75,0.0,14715.5
1127,288,100,2024-05-20,2,900.0,0.0,1800.0
1128,77,48,2024-07-10,2,6527.42,0.0,13054.84
1128,77,85,2024-07-10,1,460.42,0.0,460.42
1129,160,44,2025-07-24,2,1116.5,0.05,2121.35
1129,160,16,2025-07-24,1,15771.29,0.1,14194.16
1130,264,52,2025-12-06,2,2782.22,0.05,5286.22
1130,264,13,2025-12-06,2,9237.08,0.0,18474.16
1131,148,77,2025-02-17,1,5779.62,0.05,5490.64
1131,148,49,2025-02-17,2,2551.99,0.1,4593.58
1132,131,2,2025-12-28,3,826.86,0.1,2232.52
1132,131,11,2025-12-28,4,3802.29,0.05,14448.7
1133,227,66,2024-08-21,1,61292.01,0.0,61292.01
1133,227,74,2024-08-21,2,18924.35,0.0,37848.7
1134,248,37,2025-08-03,1,4824.48,0.0,4824.48
1134,248,52,2025-08-03,1,2782.22,0.1,2504.0
1135,16,74,2025-03-13,1,18924.35,0.0,18924.35
1135,16,56,2025-03-13,2,388.93,0.0,777.86
1136,13,64,2025-10-16,1,243.95,0.0,243.95
1136,13,41,2025-10-16,1,4280.17,0.0,4280.17
1137,105,83,2024-04-16,4,4742.53,0.0,18970.12
1137,105,22,2024-04-16,2,7167.91,0.05,13619.03
1138,76,43,2025-08-18,1,1821.71,0.15,1548.45
1138,76,43,2025-08-18,1,1821.71,0.0,1821.71
1139,3,78,2025-10-28,2,1010.49,0.1,1818.88
1139,3,25,2025-10-28,3,3640.01,0.1,9828.03
1140,8,70,2025-10-26,1,7231.23,0.1,6508.11
1140,8,18,2025-10-26,1,4738.87,0.1,4264.98
1141,39,6,2024-05-01,2,9075.76,0.0,18151.52
1141,39,80,2024-05-01,2,298.04,0.05,566.28
1142,210,20,2025-10-17,2,39805.25,0.1,71649.45
1142,210,75,2025-10-17,2,44807.59,0.15,76172.9
1143,383,51,2025-08-19,1,5418.07,0.0,5418.07
1143,383,39,2025-08-19,2,6013.69,0.0,12027.38
1144,203,12,2025-05-10,1,2459.4,0.0,2459.4
1144,203,66,2025-05-10,2,61292.01,0.0,122584.02
1145,315,19,2024-11-25,2,3171.34,0.1,5708.41
1145,315,40,2024-11-25,1,2396.49,0.0,2396.49
1146,108,25,2025-02-05,2,3640.01,0.0,7280.02
1146,108,84,2025-02-05,1,4875.5,0.1,4387.95
1147,288,67,2025-04-06,1,5275.46,0.1,4747.91
1147,288,47,2025-04-06,2,3130.36,0.1,5634.65
1148,318,76,2024-08-11,1,7357.75,0.0,7357.75
1148,318,15,2024-08-11,1,3589.44,0.0,3589.44
1149,122,88,2025-01-31,1,3075.5,0.0,3075.5
1149,122,18,2025-01-31,1,4738.87,0.0,4738.87
1150,272,62,2025-01-24,1,1567.17,0.0,1567.17
1150,272,22,2025-01-24,1,7167.91,0.0,7167.91
1151,324,88,2024-02-06,2,3075.5,0.0,6151.0
1151,324,73,2024-02-06,1,18192.18,0.1,16372.96
1152,370,17,2024-06-24,1,6664.68,0.0,6664.68
1152,370,55,2024-06-24,3,2939.43,0.0,8818.29
1153,54,81,2024-01-13,1,631.53,0.0,631.53
1153,54,3,2024-01-13,1,2625.01,0.0,2625.01
1154,198,71,2025-07-11,1,7406.14,0.1,6665.53
1154,198,21,2025-07-11,2,4472.7,0.15,7603.59
1155,383,71,2025-07-27,1,7406.14,0.0,7406.14
1155,383,17,2025-07-27,2,6664.68,0.05,12662.89
1156,247,10,2024-03-07,1,5376.54,0.0,5376.54
1156,247,84,2024-03-07,1,4875.5,0.0,4875.5
1157,28,76,2024-11-23,2,7357.75,0.0,14715.5
1157,28,19,2024-11-23,1,3171.34,0.05,3012.77
1158,178,9,2025-09-29,1,24309.59,0.0,24309.59
1158,178,67,2025-09-29,2,5275.46,0.0,10550.92
1159,98,12,2025-02-22,2,2459.4,0.0,4918.8
1159,98,73,2025-02-22,1,18192.18,0.0,18192.18
1160,174,43,2024-11-21,2,1821.71,0.0,3643.42
1160,174,47,2024-11-21,4,3130.36,0.05,11895.37
1161,219,73,2024-10-07,1,18192.18,0.05,17282.57
1161,219,19,2024-10-07,1,3171.34,0.1,2854.21
1162,372,22,2024-12-16,2,7167.91,0.1,12902.24
1162,372,84,2024-12-16,2,4875.5,0.0,9751.0
1163,375,68,2024-06-28,2,5460.65,0.0,10921.3
1163,375,51,2024-06-28,1,5418.07,0.0,5418.07
1164,361,52,2025-11-20,1,2782.22,0.0,2782.22
1164,361,20,2025-11-20,1,39805.25,0.0,39805.25
1165,252,85,2025-05-13,2,460.42,0.15,782.71
1165,252,20,2025-05-13,2,39805.25,0.15,67668.93
1166,302,16,2025-05-14,4,15771.29,0.1,56776.64
1166,302,85,2025-05-14,3,460.42,0.0,1381.26
1167,192,14,2024-05-06,1,6842.78,0.05,6500.64
1167,192,76,2024-05-06,2,7357.75,0.0,14715.5
1168,70,43,2024-11-26,2,1821.71,0.0,3643.42
1168,70,37,2024-11-26,1,4824.48,0.1,4342.03
1169,108,80,2024-01-01,2,298.04,0.0,596.08
1169,108,86,2024-01-01,3,4437.73,0.05,12647.53
1170,159,1,2025-05-03,1,57994.93,0.0,57994.93
1170,159,99,2025-05-03,1,920.31,0.05,874.29
1171,5,18,2025-07-21,1,4738.87,0.1,4264.98
1171,5,2,2025-07-21,1,826.86,0.0,826.86
1172,314,66,2025-08-02,1,61292.01,0.0,61292.01
1172,314,44,2025-08-02,1,1116.5,0.05,1060.67
1173,139,9,2025-10-20,2,24309.59,0.15,41326.3
1173,139,20,2025-10-20,2,39805.25,0.1,71649.45
1174,309,100,2025-11-07,1,900.0,0.05,855.0
1174,309,12,2025-11-07,3,2459.4,0.0,7378.2
1175,131,84,2025-02-23,1,4875.5,0.0,4875.5
1175,131,9,2025-02-23,2,24309.59,0.1,43757.26
1176,24,90,2025-03-12,1,16104.16,0.0,16104.16
1176,24,70,2025-03-12,1,7231.23,0.0,7231.23
1177,287,20,2025-03-19,2,39805.25,0.0,79610.5
1177,287,12,2025-03-19,3,2459.4,0.1,6640.38
1178,344,56,2025-02-25,4,388.93,0.05,1477.93
1178,344,22,2025-02-25,1,7167.91,0.15,6092.72
1179,93,53,2025-04-16,1,651.44,0.0,651.44
1179,93,75,2025-04-16,1,44807.59,0.05,42567.21
1180,285,100,2024-10-11,2,900.0,0.05,1710.0
1180,285,74,2024-10-11,1,18924.35,0.05,17978.13
1181,176,2,2025-03-15,2,826.86,0.15,1405.66
1181,176,74,2025-03-15,2,18924.35,0.0,37848.7
1182,243,28,2024-02-19,1,3566.76,0.05,3388.42
1182,243,95,2024-02-19,2,180.47,0.05,342.89
1183,181,4,2025-04-02,1,6232.39,0.0,6232.39
1183,181,84,2025-04-02,1,4875.5,0.0,4875.5
1184,341,1,2025-03-10,2,57994.93,0.0,115989.86
1184,341,50,2025-03-10,1,4015.8,0.15,3413.43
1185,103,13,2025-04-21,1,9237.08,0.0,9237.08
1185,103,77,2025-04-21,1,5779.62,0.05,5490.64
1186,161,95,2024-11-28,1,180.47,0.05,171.45
1186,161,21,2024-11-28,1,4472.7,0.0,4472.7
1187,315,44,2024-12-15,1,1116.5,0.0,1116.5
1187,315,29,2024-12-15,1,1442.48,0.15,1226.11
1188,221,24,2025-10-29,1,17126.14,0.0,17126.14
1188,221,90,2025-10-29,1,16104.16,0.05,15298.95
1189,353,32,2024-10-04,1,632.49,0.0,632.49
1189,353,25,2024-10-04,1,3640.01,0.05,3458.01
1190,48,77,2024-01-16,2,5779.62,0.0,11559.24
1190,48,75,2024-01-16,1,44807.59,0.05,42567.21
1191,293,82,2024-10-10,1,1221.96,0.0,1221.96
1191,293,25,2024-10-10,4,3640.01,0.0,14560.04
1191,293,41,2024-10-10,2,4280.17,0.0,8560.34
1192,345,28,2025-08-15,1,3566.76,0.0,3566.76
1192,345,54,2025-08-15,2,2049.82,0.0,4099.64
1193,290,39,2025-08-26,1,6013.69,0.05,5713.01
1193,290,44,2025-08-26,1,1116.5,0.0,1116.5
1194,48,21,2025-11-17,2,4472.7,0.05,8498.13
1194,48,39,2025-11-17,1,6013.69,0.0,6013.69
1195,66,18,2024-07-24,1,4738.87,0.0,4738.87
1195,66,21,2024-07-24,4,4472.7,0.0,17890.8
1196,353,73,2025-03-28,1,18192.18,0.15,15463.35
1196,353,19,2025-03-28,2,3171.34,0.0,6342.68
1197,177,86,2024-03-31,1,4437.73,0.15,3772.07
1197,177,63,2024-03-31,3,955.49,0.0,2866.47
1198,58,100,2024-06-24,1,900.0,0.1,810.0
1198,58,29,2024-06-24,2,1442.48,0.05,2740.71
1199,182,70,2025-11-12,2,7231.23,0.0,14462.46
1199,182,75,2025-11-12,2,44807.59,0.0,89615.18
1200,155,85,2024-12-26,2,460.42,0.1,828.76
1200,155,84,2024-12-26,1,4875.5,0.0,4875.5
1201,263,17,2025-06-15,1,6664.68,0.0,6664.68
1201,263,73,2025-06-15,1,18192.18,0.1,16372.96
1202,107,73,2025-01-03,2,18192.18,0.15,30926.71
1202,107,4,2025-01-03,2,6232.39,0.1,11218.3
1203,361,74,2024-09-22,1,18924.35,0.0,18924.35
1203,361,16,2024-09-22,1,15771.29,0.05,14982.73
1204,259,55,2025-12-13,1,2939.43,0.1,2645.49
1204,259,7,2025-12-13,1,8976.08,0.0,8976.08
1205,290,51,2025-11-30,3,5418.07,0.0,16254.21
1205,290,75,2025-11-30,1,44807.59,0.05,42567.21
1205,290,19,2025-11-30,1,3171.34,0.0,3171.34
1206,309,91,2025-10-16,1,11426.26,0.0,11426.26
1206,309,3,2025-10-16,1,2625.01,0.0,2625.01
1207,111,97,2024-01-22,1,170.13,0.1,153.12
1207,111,19,2024-01-22,2,3171.34,0.0,6342.68
1208,335,19,2024-07-27,1,3171.34,0.0,3171.34
1208,335,18,2024-07-27,2,4738.87,0.05,9003.85
1209,164,14,2024-01-02,2,6842.78,0.0,13685.56
1209,164,15,2024-01-02,2,3589.44,0.1,6460.99
1210,32,11,2025-02-22,2,3802.29,0.1,6844.12
1210,32,18,2025-02-22,1,4738.87,0.1,4264.98
1211,239,22,2025-05-30,1,7167.91,0.0,7167.91
1211,239,3,2025-05-30,1,2625.01,0.0,2625.01
1212,107,80,2024-01-26,1,298.04,0.0,298.04
1212,107,69,2024-01-26,1,9360.74,0.0,9360.74
1213,324,24,2024-09-28,2,17126.14,0.05,32539.67
1213,324,12,2024-09-28,1,2459.4,0.15,2090.49
1214,357,98,2025-04-11,1,4132.36,0.0,4132.36
1214,357,21,2025-04-11,1,4472.7,0.15,3801.79
1215,223,57,2025-04-09,1,485.43,0.0,485.43
1215,223,31,2025-04-09,1,1205.75,0.05,1145.46
1216,308,44,2024-01-11,2,1116.5,0.0,2233.0
1216,308,48,2024-01-11,2,6527.42,0.0,13054.84
1217,122,71,2025-04-03,1,7406.14,0.0,7406.14
1217,122,16,2025-04-03,1,15771.29,0.0,15771.29
1218,313,82,2025-01-04,2,1221.96,0.1,2199.53
1218,313,74,2025-01-04,2,18924.35,0.0,37848.7
1219,253,17,2025-04-17,2,6664.68,0.0,13329.36
1219,253,83,2025-04-17,1,4742.53,0.05,4505.4
1220,110,78,2024-11-17,1,1010.49,0.0,1010.49
1220,110,8,2024-11-17,1,19432.89,0.0,19432.89
1221,381,79,2025-01-06,2,2782.17,0.0,5564.34
1221,381,10,2025-01-06,1,5376.54,0.05,5107.71
1222,186,21,2024-02-19,1,4472.7,0.15,3801.79
1222,186,58,2024-02-19,1,390.71,0.0,390.71
1223,305,40,2025-07-03,1,2396.49,0.0,2396.49
1223,305,16,2025-07-03,4,15771.29,0.1,56776.64
1224,295,79,2024-01-30,3,2782.17,0.05,7929.18
1224,295,22,2024-01-30,1,7167.91,0.0,7167.91
1225,372,73,2024-11-17,3,18192.18,0.1,49118.89
1225,372,53,2024-11-17,3,651.44,0.0,1954.32
1226,48,77,2025-03-28,1,5779.62,0.0,5779.62
1226,48,14,2025-03-28,1,6842.78,0.0,6842.78
1227,232,40,2024-07-06,1,2396.49,0.1,2156.84
1227,232,77,2024-07-06,1,5779.62,0.05,5490.64
1228,245,23,2025-11-12,1,18396.69,0.0,18396.69
1228,245,24,2025-11-12,1,17126.14,0.05,16269.83
1229,119,13,2024-04-07,1,9237.08,0.05,8775.23
1229,119,67,2024-04-07,4,5275.46,0.0,21101.84
1230,115,7,2025-04-21,1,8976.08,0.0,8976.08
1230,115,5,2025-04-21,3,60993.48,0.05,173831.42
1231,321,16,2024-05-16,2,15771.29,0.05,29965.45
1231,321,72,2024-05-16,1,953.28,0.1,857.95
1232,145,58,2024-01-24,1,390.71,0.15,332.1
1232,145,83,2024-01-24,3,4742.53,0.1,12804.83
1233,274,4,2025-05-20,1,6232.39,0.0,6232.39
1233,274,75,2025-05-20,2,44807.59,0.1,80653.66
1234,89,93,2024-08-22,1,649.37,0.05,616.9
1234,89,19,2024-08-22,1,3171.34,0.0,3171.34
1235,128,87,2024-07-18,3,2175.83,0.0,6527.49
1235,128,74,2024-07-18,1,18924.35,0.0,18924.35
1236,173,19,2024-08-06,1,3171.34,0.05,3012.77
1236,173,17,2024-08-06,1,6664.68,0.0,6664.68
1237,400,50,2024-01-09,2,4015.8,0.05,7630.02
1237,400,20,2024-01-09,1,39805.25,0.0,39805.25
1238,28,7,2025-05-26,2,8976.08,0.0,17952.16
1238,28,25,2025-05-26,2,3640.01,0.0,7280.02
1239,243,9,2025-05-01,3,24309.59,0.0,72928.77
1239,243,84,2025-05-01,4,4875.5,0.0,19502.0
1240,73,13,2024-12-17,1,9237.08,0.0,9237.08
1240,73,45,2024-12-17,1,6157.34,0.15,5233.74
1241,34,25,2025-08-15,1,3640.01,0.0,3640.01
1241,34,6,2025-08-15,1,9075.76,0.0,9075.76
1242,175,36,2025-09-11,3,3009.89,0.1,8126.7
1242,175,85,2025-09-11,3,460.42,0.05,1312.2
1243,209,24,2024-12-20,1,17126.14,0.0,17126.14
1243,209,71,2024-12-20,1,7406.14,0.15,6295.22
1244,285,19,2024-11-04,2,3171.34,0.0,6342.68
1244,285,24,2024-11-04,1,17126.14,0.0,17126.14
1245,305,37,2024-11-08,1,4824.48,0.15,4100.81
1245,305,92,2024-11-08,1,2248.85,0.1,2023.96
1246,98,27,2025-03-02,3,1635.87,0.0,4907.61
1246,98,24,2025-03-02,1,17126.14,0.05,16269.83
1247,110,14,2025-06-24,1,6842.78,0.0,6842.78
1247,110,10,2025-06-24,3,5376.54,0.05,15323.14
1248,399,48,2024-03-14,1,6527.42,0.0,6527.42
1248,399,71,2024-03-14,1,7406.14,0.1,6665.53
1249,145,75,2025-06-12,4,44807.59,0.1,161307.32
1249,145,81,2025-06-12,2,631.53,0.05,1199.91
1250,315,18,2025-07-18,3,4738.87,0.1,12794.95
1250,315,5,2025-07-18,2,60993.48,0.1,109788.26
1251,200,57,2024-08-14,1,485.43,0.0,485.43
1251,200,20,2024-08-14,1,39805.25,0.0,39805.25
1252,285,19,2025-08-05,1,3171.34,0.0,3171.34
1252,285,2,2025-08-05,1,826.86,0.05,785.52
1253,211,51,2025-02-21,1,5418.07,0.0,5418.07
1253,211,80,2025-02-21,1,298.04,0.05,283.14
